{"type":"FeatureCollection","name":"stone_harbor_road_centerlines","metadata":{"source":"NJOGIS NG911 Road Centerlines (Tran_road)","url":"https://services2.arcgis.com/XVOqAjTOJ5P6ngMu/arcgis/rest/services/Tran_road/FeatureServer/0","query_url":"https://services2.arcgis.com/XVOqAjTOJ5P6ngMu/arcgis/rest/services/Tran_road/FeatureServer/0/query","retrieved_at_utc":"2026-09-04T20:06:13.464739+00:00","source_last_edit_date":1785341586960,"out_sr":4326,"query_envelope_wgs84":[-74.7943282,39.0134687,-74.7470612,39.0667991],"spatial_relationship":"esriSpatialRelIntersects","boundary_file":"stone_harbor_boundary.geojson","boundary_sha256":"5f24ada459e0d75c420e51114e7ad24c544cf62dd38e71bf24999c0411e3099f","fields":["OBJECTID","PRIMENAME","ELEVTYP_F","ELEVTYP_T"],"feature_count":481,"complete_objectid_inventory_verified":true,"municipal_clipping":"Envelope selection only; clip against the actual municipal boundary in the application."},"features":[{"type":"Feature","id":1271,"properties":{"OBJECTID":1271,"PRIMENAME":"117th Street","ELEVTYP_F":0,"ELEVTYP_T":0},"geometry":{"type":"LineString","coordinates":[[-74.7711777447836,39.0400284292984],[-74.7712038847045,39.0400387310836],[-74.7712994807491,39.040076373603]]}},{"type":"Feature","id":1573,"properties":{"OBJECTID":1573,"PRIMENAME":"Sunset Drive","ELEVTYP_F":0,"ELEVTYP_T":0},"geometry":{"type":"LineString","coordinates":[[-74.7589136664095,39.0592202524032],[-74.7584273019697,39.0595688132238],[-74.7583350103065,39.0596312658343],[-74.7582498939482,39.0597105331454]]}},{"type":"Feature","id":2791,"properties":{"OBJECTID":2791,"PRIMENAME":"111th Street","ELEVTYP_F":0,"ELEVTYP_T":0},"geometry":{"type":"LineString","coordinates":[[-74.7636186399593,39.0422352017781],[-74.763766903165,39.0422939519994],[-74.7643079432314,39.0425083338414]]}},{"type":"Feature","id":3025,"properties":{"OBJECTID":3025,"PRIMENAME":"Corinthian Drive","ELEVTYP_F":0,"ELEVTYP_T":0},"geometry":{"type":"LineString","coordinates":[[-74.7684912947929,39.0494182343506],[-74.7684873628003,39.0494214567548],[-74.7683989443474,39.0494593322482],[-74.768298447238,39.0494972363613],[-74.7682059544618,39.0495288610335],[-74.7681537584666,39.0495635234657],[-74.7680976186754,39.0496264214546],[-74.7680255054202,39.0497207689658],[-74.767809365984,39.0500571612429],[-74.7674472569191,39.050634832574]]}},{"type":"Feature","id":3559,"properties":{"OBJECTID":3559,"PRIMENAME":"2nd Avenue","ELEVTYP_F":0,"ELEVTYP_T":0},"geometry":{"type":"LineString","coordinates":[[-74.7657969604928,39.043949744336],[-74.7653576286451,39.0446446394254]]}},{"type":"Feature","id":3624,"properties":{"OBJECTID":3624,"PRIMENAME":"2nd Avenue","ELEVTYP_F":0,"ELEVTYP_T":0},"geometry":{"type":"LineString","coordinates":[[-74.7644903869309,39.0460072710324],[-74.7640414539062,39.0467124533842]]}},{"type":"Feature","id":4163,"properties":{"OBJECTID":4163,"PRIMENAME":"95th Street","ELEVTYP_F":0,"ELEVTYP_T":0},"geometry":{"type":"LineString","coordinates":[[-74.7601601834853,39.055178473617],[-74.7594641768099,39.0548157372272],[-74.7582063672414,39.054180511528],[-74.7581496345741,39.0541515863356]]}},{"type":"Feature","id":4169,"properties":{"OBJECTID":4169,"PRIMENAME":"Chelsea Place","ELEVTYP_F":0,"ELEVTYP_T":0},"geometry":{"type":"LineString","coordinates":[[-74.7660122660738,39.0481906871189],[-74.7656702322211,39.0480471198393],[-74.7656134839664,39.0480227836378],[-74.7655610854302,39.0480037093147],[-74.7655126223396,39.0480008270051],[-74.7655055725647,39.0480013700542],[-74.7654726312776,39.0480039106801],[-74.7654325999832,39.0480147661185],[-74.7652489653628,39.0480808905258]]}},{"type":"Feature","id":4190,"properties":{"OBJECTID":4190,"PRIMENAME":"107th Street","ELEVTYP_F":0,"ELEVTYP_T":0},"geometry":{"type":"LineString","coordinates":[[-74.7647104231808,39.0460915631643],[-74.7646041168841,39.0460508352359],[-74.7646027679375,39.0460503176011],[-74.7644903869309,39.0460072710324]]}},{"type":"Feature","id":4977,"properties":{"OBJECTID":4977,"PRIMENAME":"111th Street","ELEVTYP_F":0,"ELEVTYP_T":0},"geometry":{"type":"LineString","coordinates":[[-74.7685919043149,39.044184589257],[-74.7693462115497,39.0444765416646],[-74.769751348931,39.0446240998823]]}},{"type":"Feature","id":5343,"properties":{"OBJECTID":5343,"PRIMENAME":"1st Avenue","ELEVTYP_F":0,"ELEVTYP_T":0},"geometry":{"type":"LineString","coordinates":[[-74.7609726402378,39.0473166018741],[-74.7615105784265,39.0466756773024]]}},{"type":"Feature","id":5669,"properties":{"OBJECTID":5669,"PRIMENAME":"109th Street","ELEVTYP_F":0,"ELEVTYP_T":0},"geometry":{"type":"LineString","coordinates":[[-74.7653576286451,39.0446446394254],[-74.7654643665351,39.0446856936084],[-74.7655693066753,39.0447260383082]]}},{"type":"Feature","id":6616,"properties":{"OBJECTID":6616,"PRIMENAME":"2nd Avenue","ELEVTYP_F":0,"ELEVTYP_T":0},"geometry":{"type":"LineString","coordinates":[[-74.7536305552375,39.0591943815135],[-74.7530915459365,39.0598380166839]]}},{"type":"Feature","id":7426,"properties":{"OBJECTID":7426,"PRIMENAME":"100th Street","ELEVTYP_F":0,"ELEVTYP_T":0},"geometry":{"type":"LineString","coordinates":[[-74.7588094312667,39.049884338718],[-74.7580021885476,39.0494681868064]]}},{"type":"Feature","id":7599,"properties":{"OBJECTID":7599,"PRIMENAME":"Ocean Drive","ELEVTYP_F":0,"ELEVTYP_T":0},"geometry":{"type":"LineString","coordinates":[[-74.7509602785476,39.066094416638],[-74.7504771833359,39.0666746833046],[-74.7504197969721,39.0667419966993]]}},{"type":"Feature","id":8103,"properties":{"OBJECTID":8103,"PRIMENAME":"81st Street","ELEVTYP_F":0,"ELEVTYP_T":0},"geometry":{"type":"LineString","coordinates":[[-74.7503862619706,39.0630519773675],[-74.7505660391674,39.0631451134025]]}},{"type":"Feature","id":8652,"properties":{"OBJECTID":8652,"PRIMENAME":"83rd Street","ELEVTYP_F":0,"ELEVTYP_T":0},"geometry":{"type":"LineString","coordinates":[[-74.753661101168,39.0628881427075],[-74.7547247801515,39.0634248808341],[-74.7549462435765,39.0635413682699]]}},{"type":"Feature","id":9048,"properties":{"OBJECTID":9048,"PRIMENAME":"81st Street","ELEVTYP_F":0,"ELEVTYP_T":0},"geometry":{"type":"LineString","coordinates":[[-74.7505660391674,39.0631451134025],[-74.7524317265748,39.0641116239797],[-74.7525734676769,39.0641843556091]]}},{"type":"Feature","id":9309,"properties":{"OBJECTID":9309,"PRIMENAME":"2nd Avenue","ELEVTYP_F":0,"ELEVTYP_T":0},"geometry":{"type":"LineString","coordinates":[[-74.7584972529872,39.0534274872387],[-74.7579697705076,39.0540599178065]]}},{"type":"Feature","id":9510,"properties":{"OBJECTID":9510,"PRIMENAME":"2nd Avenue","ELEVTYP_F":0,"ELEVTYP_T":0},"geometry":{"type":"LineString","coordinates":[[-74.7637271899187,39.047177893632],[-74.7633688180781,39.0476289891807]]}},{"type":"Feature","id":10214,"properties":{"OBJECTID":10214,"PRIMENAME":"3rd Avenue","ELEVTYP_F":0,"ELEVTYP_T":0},"geometry":{"type":"LineString","coordinates":[[-74.7601601834853,39.055178473617],[-74.7596197811341,39.0558210712898]]}},{"type":"Feature","id":10338,"properties":{"OBJECTID":10338,"PRIMENAME":"Sunrise Drive","ELEVTYP_F":0,"ELEVTYP_T":0},"geometry":{"type":"LineString","coordinates":[[-74.7639170437842,39.0525015419577],[-74.7642025693802,39.0517270984908]]}},{"type":"Feature","id":10998,"properties":{"OBJECTID":10998,"PRIMENAME":"2nd Avenue","ELEVTYP_F":0,"ELEVTYP_T":0},"geometry":{"type":"LineString","coordinates":[[-74.7590382147945,39.052766577978],[-74.7584972529872,39.0534274872387]]}},{"type":"Feature","id":11959,"properties":{"OBJECTID":11959,"PRIMENAME":"2nd Avenue","ELEVTYP_F":0,"ELEVTYP_T":0},"geometry":{"type":"LineString","coordinates":[[-74.7705988779579,39.0363710624444],[-74.7701604606038,39.0370597971112]]}},{"type":"Feature","id":12623,"properties":{"OBJECTID":12623,"PRIMENAME":"1st Avenue","ELEVTYP_F":0,"ELEVTYP_T":0},"geometry":{"type":"LineString","coordinates":[[-74.7629401024167,39.0445610404205],[-74.7630627266013,39.0443666347109],[-74.7633716217135,39.0438798461455]]}},{"type":"Feature","id":12899,"properties":{"OBJECTID":12899,"PRIMENAME":"2nd Avenue","ELEVTYP_F":0,"ELEVTYP_T":0},"geometry":{"type":"LineString","coordinates":[[-74.7628232699151,39.0482663431379],[-74.7622937009577,39.0489136256218]]}},{"type":"Feature","id":14840,"properties":{"OBJECTID":14840,"PRIMENAME":"88th Street","ELEVTYP_F":0,"ELEVTYP_T":0},"geometry":{"type":"LineString","coordinates":[[-74.7543636866555,39.0586513108731],[-74.7542651403988,39.0586006734224],[-74.7541633842445,39.0585483681946]]}},{"type":"Feature","id":15763,"properties":{"OBJECTID":15763,"PRIMENAME":"79th Street","ELEVTYP_F":0,"ELEVTYP_T":0},"geometry":{"type":"LineString","coordinates":[[-74.7474453595895,39.0633749289119],[-74.748843112816,39.0640942945904],[-74.7493182508254,39.0643370526256]]}},{"type":"Feature","id":18068,"properties":{"OBJECTID":18068,"PRIMENAME":"1st Avenue","ELEVTYP_F":0,"ELEVTYP_T":0},"geometry":{"type":"LineString","coordinates":[[-74.7582683265668,39.0505297879513],[-74.7588094312667,39.049884338718]]}},{"type":"Feature","id":18647,"properties":{"OBJECTID":18647,"PRIMENAME":"1st Avenue","ELEVTYP_F":0,"ELEVTYP_T":0},"geometry":{"type":"LineString","coordinates":[[-74.7533885217468,39.05631350836],[-74.7536087315468,39.0560569833023],[-74.7539334530506,39.055669830641]]}},{"type":"Feature","id":19212,"properties":{"OBJECTID":19212,"PRIMENAME":"3rd Avenue","ELEVTYP_F":0,"ELEVTYP_T":0},"geometry":{"type":"LineString","coordinates":[[-74.7644899742887,39.0500416704329],[-74.7643913893233,39.0501587835958],[-74.7639492560648,39.0506826975447]]}},{"type":"Feature","id":19515,"properties":{"OBJECTID":19515,"PRIMENAME":"77th Street","ELEVTYP_F":0,"ELEVTYP_T":0},"geometry":{"type":"LineString","coordinates":[[-74.7484082689654,39.0657106622743],[-74.7495321992958,39.066282301086],[-74.7504197969721,39.0667419966993]]}},{"type":"Feature","id":20741,"properties":{"OBJECTID":20741,"PRIMENAME":"84th Street","ELEVTYP_F":0,"ELEVTYP_T":0},"geometry":{"type":"LineString","coordinates":[[-74.7501409599585,39.0601698991194],[-74.7494904933193,39.0598373195844]]}},{"type":"Feature","id":22573,"properties":{"OBJECTID":22573,"PRIMENAME":"86th Street","ELEVTYP_F":0,"ELEVTYP_T":0},"geometry":{"type":"LineString","coordinates":[[-74.7565673464152,39.0616155826061],[-74.7568292647966,39.0617486721261]]}},{"type":"Feature","id":22992,"properties":{"OBJECTID":22992,"PRIMENAME":"2nd Avenue","ELEVTYP_F":0,"ELEVTYP_T":0},"geometry":{"type":"LineString","coordinates":[[-74.7547150672663,39.0579087910524],[-74.7541633842445,39.0585483681946]]}},{"type":"Feature","id":23145,"properties":{"OBJECTID":23145,"PRIMENAME":"93rd Street","ELEVTYP_F":0,"ELEVTYP_T":0},"geometry":{"type":"LineString","coordinates":[[-74.7590765602555,39.0564665292712],[-74.7586190070286,39.0562312406382],[-74.7572445866734,39.0555305837249],[-74.7570671471528,39.0554381112237]]}},{"type":"Feature","id":25156,"properties":{"OBJECTID":25156,"PRIMENAME":"118th Street","ELEVTYP_F":0,"ELEVTYP_T":0},"geometry":{"type":"LineString","coordinates":[[-74.7716706020828,39.0393458631589],[-74.7701431898062,39.0387653199558],[-74.7694936668424,39.0385150039547]]}},{"type":"Feature","id":27278,"properties":{"OBJECTID":27278,"PRIMENAME":"3rd Avenue","ELEVTYP_F":0,"ELEVTYP_T":0},"geometry":{"type":"LineString","coordinates":[[-74.7634076787178,39.0513227357924],[-74.7631011045953,39.0516841997181],[-74.7628696942615,39.0519653443198]]}},{"type":"Feature","id":27611,"properties":{"OBJECTID":27611,"PRIMENAME":"1st Avenue","ELEVTYP_F":0,"ELEVTYP_T":0},"geometry":{"type":"LineString","coordinates":[[-74.7550126940295,39.0543842211533],[-74.755552110946,39.0537426890825]]}},{"type":"Feature","id":27855,"properties":{"OBJECTID":27855,"PRIMENAME":"Corinthian Drive","ELEVTYP_F":0,"ELEVTYP_T":0},"geometry":{"type":"LineString","coordinates":[[-74.7695735534939,39.0477981790513],[-74.7696437711979,39.0477897243579],[-74.7697028857167,39.0477785774148],[-74.769746542904,39.0477674923166],[-74.7697690242995,39.0477531626528],[-74.7697914376013,39.047730046192],[-74.7698040653803,39.0477080505072],[-74.7698095993073,39.0476816777563],[-74.769810919611,39.0476585542309],[-74.7698009132482,39.0476289500235],[-74.7697853669726,39.0476059213662],[-74.7697557179397,39.0475873458256],[-74.7697091510838,39.0475742190408],[-74.7696570469369,39.0475677497541],[-74.7696288550688,39.0475711372872],[-74.7696049350603,39.047577782344],[-74.7695740113141,39.0475943286775],[-74.769548762345,39.0476218451256],[-74.769537586928,39.0476460346148],[-74.7695334180547,39.0476701799849],[-74.7695392261431,39.0476976796081],[-74.769546317446,39.0477196296945],[-74.7695590776243,39.047741566679],[-74.7695662035956,39.0477635166838],[-74.7695719254802,39.047786568077],[-74.7695735534939,39.0477981790513]]}},{"type":"Feature","id":28368,"properties":{"OBJECTID":28368,"PRIMENAME":"94th Street","ELEVTYP_F":0,"ELEVTYP_T":0},"geometry":{"type":"LineString","coordinates":[[-74.7574105193529,39.0546939258851],[-74.7575132243111,39.0547465280096],[-74.757603370127,39.054792705859]]}},{"type":"Feature","id":28926,"properties":{"OBJECTID":28926,"PRIMENAME":"87th Street","ELEVTYP_F":0,"ELEVTYP_T":0},"geometry":{"type":"LineString","coordinates":[[-74.7536305552375,39.0591943815135],[-74.7531517577858,39.0589470084524]]}},{"type":"Feature","id":29334,"properties":{"OBJECTID":29334,"PRIMENAME":"104th Street","ELEVTYP_F":0,"ELEVTYP_T":0},"geometry":{"type":"LineString","coordinates":[[-74.7601119651562,39.0468724672782],[-74.7609726402378,39.0473166018741]]}},{"type":"Feature","id":29404,"properties":{"OBJECTID":29404,"PRIMENAME":"2nd Drive","ELEVTYP_F":0,"ELEVTYP_T":0},"geometry":{"type":"LineString","coordinates":[[-74.7725317625572,39.0611516539022],[-74.7724546266952,39.0612051854058],[-74.7723829091738,39.0612389619891],[-74.7723183320722,39.0612614909093],[-74.7722501769481,39.0612784545632],[-74.7721984845048,39.0612901070564]]}},{"type":"Feature","id":30176,"properties":{"OBJECTID":30176,"PRIMENAME":"1st Avenue","ELEVTYP_F":0,"ELEVTYP_T":0},"geometry":{"type":"LineString","coordinates":[[-74.7633716217135,39.0438798461455],[-74.7637480385397,39.0432867497953],[-74.7638148102911,39.0431861298273]]}},{"type":"Feature","id":31118,"properties":{"OBJECTID":31118,"PRIMENAME":"85th Street","ELEVTYP_F":0,"ELEVTYP_T":0},"geometry":{"type":"LineString","coordinates":[[-74.7527322376272,39.0605772820799],[-74.753513638798,39.060979137297],[-74.7547414617387,39.0616080524875]]}},{"type":"Feature","id":40520,"properties":{"OBJECTID":40520,"PRIMENAME":"101st Street","ELEVTYP_F":0,"ELEVTYP_T":0},"geometry":{"type":"LineString","coordinates":[[-74.7612089377519,39.0501999202834],[-74.7610852733027,39.0501362724472],[-74.7601699940432,39.0496651882338],[-74.759352038254,39.0492385259339]]}},{"type":"Feature","id":40603,"properties":{"OBJECTID":40603,"PRIMENAME":"82nd Street","ELEVTYP_F":0,"ELEVTYP_T":0},"geometry":{"type":"LineString","coordinates":[[-74.7511157441495,39.0625046526055],[-74.7527358923142,39.0633406829102],[-74.7531246285305,39.0635302073537]]}},{"type":"Feature","id":45400,"properties":{"OBJECTID":45400,"PRIMENAME":"2nd Avenue","ELEVTYP_F":0,"ELEVTYP_T":0},"geometry":{"type":"LineString","coordinates":[[-74.7679900468033,39.0405230533743],[-74.7675552895689,39.0411969133763]]}},{"type":"Feature","id":46790,"properties":{"OBJECTID":46790,"PRIMENAME":"110th Street","ELEVTYP_F":0,"ELEVTYP_T":0},"geometry":{"type":"LineString","coordinates":[[-74.7681649585035,39.0448612348037],[-74.7676781898946,39.0446728361437],[-74.7660127263471,39.0440326699715]]}},{"type":"Feature","id":47588,"properties":{"OBJECTID":47588,"PRIMENAME":"114th Street","ELEVTYP_F":0,"ELEVTYP_T":0},"geometry":{"type":"LineString","coordinates":[[-74.7699021987236,39.0421179178989],[-74.7703392108308,39.0422804744255]]}},{"type":"Feature","id":47998,"properties":{"OBJECTID":47998,"PRIMENAME":"3rd Avenue","ELEVTYP_F":0,"ELEVTYP_T":0},"geometry":{"type":"LineString","coordinates":[[-74.7672880429097,39.0462406310373],[-74.76713868295,39.0464770309095],[-74.7668913769565,39.0468763989357],[-74.7668614122538,39.0469234759791]]}},{"type":"Feature","id":48601,"properties":{"OBJECTID":48601,"PRIMENAME":"120th Street","ELEVTYP_F":0,"ELEVTYP_T":0},"geometry":{"type":"LineString","coordinates":[[-74.7725404489704,39.0379759224864],[-74.7706230933381,39.0372368728896],[-74.7703688763656,39.037139574323]]}},{"type":"Feature","id":48987,"properties":{"OBJECTID":48987,"PRIMENAME":"120th Street","ELEVTYP_F":0,"ELEVTYP_T":0},"geometry":{"type":"LineString","coordinates":[[-74.7703688763656,39.037139574323],[-74.7702773086486,39.0371045305662],[-74.7701604606038,39.0370597971112]]}},{"type":"Feature","id":49188,"properties":{"OBJECTID":49188,"PRIMENAME":"Pamela Drive","ELEVTYP_F":0,"ELEVTYP_T":0},"geometry":{"type":"LineString","coordinates":[[-74.7721984845048,39.0612901070564],[-74.7721709842206,39.0612366560109],[-74.7721421268018,39.0612059150499],[-74.772070097394,39.0611584711769],[-74.7716705014617,39.060929770528],[-74.7710604758829,39.0605725870062]]}},{"type":"Feature","id":49919,"properties":{"OBJECTID":49919,"PRIMENAME":"100th Street","ELEVTYP_F":0,"ELEVTYP_T":0},"geometry":{"type":"LineString","coordinates":[[-74.7608599753365,39.0509394624769],[-74.7607689869834,39.0508930691858],[-74.7606735887292,39.050844434441]]}},{"type":"Feature","id":49934,"properties":{"OBJECTID":49934,"PRIMENAME":"99th Street","ELEVTYP_F":0,"ELEVTYP_T":0},"geometry":{"type":"LineString","coordinates":[[-74.7582683265668,39.0505297879513],[-74.7590076249827,39.0509090753756],[-74.7599829409594,39.0514036831496],[-74.7601304798321,39.0514785026534]]}},{"type":"Feature","id":49998,"properties":{"OBJECTID":49998,"PRIMENAME":"110th Street","ELEVTYP_F":0,"ELEVTYP_T":0},"geometry":{"type":"LineString","coordinates":[[-74.7660127263471,39.0440326699715],[-74.7659087356889,39.0439927072654],[-74.7659084580353,39.0439925997956],[-74.7657969604928,39.043949744336]]}},{"type":"Feature","id":51203,"properties":{"OBJECTID":51203,"PRIMENAME":"1st Avenue","ELEVTYP_F":0,"ELEVTYP_T":0},"geometry":{"type":"LineString","coordinates":[[-74.7566433005032,39.0524569550878],[-74.7570618884596,39.0519576412046],[-74.7571870971016,39.0518075258551]]}},{"type":"Feature","id":52116,"properties":{"OBJECTID":52116,"PRIMENAME":"100th Street","ELEVTYP_F":0,"ELEVTYP_T":0},"geometry":{"type":"LineString","coordinates":[[-74.7606735887292,39.050844434441],[-74.7600986612101,39.0505513120298],[-74.7589998736167,39.0499824903216],[-74.7588094312667,39.049884338718]]}},{"type":"Feature","id":52175,"properties":{"OBJECTID":52175,"PRIMENAME":"2nd Avenue","ELEVTYP_F":0,"ELEVTYP_T":0},"geometry":{"type":"LineString","coordinates":[[-74.7525408580871,39.060478846811],[-74.752005002459,39.0611235420274]]}},{"type":"Feature","id":53402,"properties":{"OBJECTID":53402,"PRIMENAME":"93rd Street","ELEVTYP_F":0,"ELEVTYP_T":0},"geometry":{"type":"LineString","coordinates":[[-74.7550126940295,39.0543842211533],[-74.754218635272,39.0539797392133]]}},{"type":"Feature","id":53472,"properties":{"OBJECTID":53472,"PRIMENAME":"1st Avenue","ELEVTYP_F":0,"ELEVTYP_T":0},"geometry":{"type":"LineString","coordinates":[[-74.7617999764069,39.0463197465375],[-74.7618165515249,39.046298045537],[-74.761912187224,39.0461740495454],[-74.7620119654975,39.0460369736411],[-74.7620655379044,39.0459457469676]]}},{"type":"Feature","id":53500,"properties":{"OBJECTID":53500,"PRIMENAME":"2nd Avenue","ELEVTYP_F":0,"ELEVTYP_T":0},"geometry":{"type":"LineString","coordinates":[[-74.771052076252,39.0356922597054],[-74.7705988779579,39.0363710624444]]}},{"type":"Feature","id":53691,"properties":{"OBJECTID":53691,"PRIMENAME":"107th Street","ELEVTYP_F":0,"ELEVTYP_T":0},"geometry":{"type":"LineString","coordinates":[[-74.7625100214306,39.0452429171456],[-74.7616503699871,39.0449095021977]]}},{"type":"Feature","id":53823,"properties":{"OBJECTID":53823,"PRIMENAME":"121st Street","ELEVTYP_F":0,"ELEVTYP_T":0},"geometry":{"type":"LineString","coordinates":[[-74.7696234702442,39.0360020037962],[-74.7704564246871,39.0363171647938],[-74.7705988779579,39.0363710624444]]}},{"type":"Feature","id":53985,"properties":{"OBJECTID":53985,"PRIMENAME":"2nd Avenue","ELEVTYP_F":0,"ELEVTYP_T":0},"geometry":{"type":"LineString","coordinates":[[-74.752005002459,39.0611235420274],[-74.7514690317685,39.0617685088292]]}},{"type":"Feature","id":54451,"properties":{"OBJECTID":54451,"PRIMENAME":"76th Street","ELEVTYP_F":0,"ELEVTYP_T":0},"geometry":{"type":"LineString","coordinates":[[-74.7478675679337,39.066351558418],[-74.7477741337168,39.0663039252524],[-74.7476862388901,39.0662591080258]]}},{"type":"Feature","id":54790,"properties":{"OBJECTID":54790,"PRIMENAME":"3rd Avenue","ELEVTYP_F":0,"ELEVTYP_T":0},"geometry":{"type":"LineString","coordinates":[[-74.7699021987236,39.0421179178989],[-74.7698251652836,39.042238119098],[-74.7697252273376,39.0423940624601],[-74.7696634072313,39.0424890737393]]}},{"type":"Feature","id":55341,"properties":{"OBJECTID":55341,"PRIMENAME":"99th Street","ELEVTYP_F":0,"ELEVTYP_T":0},"geometry":{"type":"LineString","coordinates":[[-74.7603192302342,39.051574211821],[-74.7604436987002,39.0516373352592],[-74.7617215372273,39.0523056607902],[-74.7623267504602,39.05261229908]]}},{"type":"Feature","id":57875,"properties":{"OBJECTID":57875,"PRIMENAME":"Corinthian Drive","ELEVTYP_F":0,"ELEVTYP_T":0},"geometry":{"type":"LineString","coordinates":[[-74.7695735534939,39.0477981790513],[-74.7695748213333,39.0478074297144],[-74.7695723730978,39.0478304729649],[-74.7692642329551,39.0483146399444],[-74.7689240237576,39.0488302379147],[-74.7686718234275,39.0492201204117],[-74.7685796889205,39.049345898405],[-74.7684912947929,39.0494182343506]]}},{"type":"Feature","id":60057,"properties":{"OBJECTID":60057,"PRIMENAME":"96th Street","ELEVTYP_F":0,"ELEVTYP_T":0},"geometry":{"type":"LineString","coordinates":[[-74.7586648461626,39.0535438674187],[-74.7585777837666,39.0534834329119],[-74.7584972529872,39.0534274872387]]}},{"type":"Feature","id":61854,"properties":{"OBJECTID":61854,"PRIMENAME":"103rd Street","ELEVTYP_F":0,"ELEVTYP_T":0},"geometry":{"type":"LineString","coordinates":[[-74.7604311766403,39.0479590425133],[-74.7596050810404,39.0475353656357]]}},{"type":"Feature","id":61912,"properties":{"OBJECTID":61912,"PRIMENAME":"2nd Avenue","ELEVTYP_F":0,"ELEVTYP_T":0},"geometry":{"type":"LineString","coordinates":[[-74.7568739016411,39.0553374916985],[-74.7563292610487,39.0559758278386]]}},{"type":"Feature","id":62029,"properties":{"OBJECTID":62029,"PRIMENAME":"Sunrise Drive","ELEVTYP_F":0,"ELEVTYP_T":0},"geometry":{"type":"LineString","coordinates":[[-74.7638511983968,39.0533930368576],[-74.7638450581019,39.0533043615456],[-74.763838314692,39.0532240610464],[-74.7638153648906,39.0531135942291],[-74.7637956961314,39.053023246894],[-74.7637921266186,39.0529252572205],[-74.7638046980676,39.0528398610294],[-74.7638301319901,39.0527569347129],[-74.7638683745927,39.0526337814422],[-74.7639170437842,39.0525015419577]]}},{"type":"Feature","id":62466,"properties":{"OBJECTID":62466,"PRIMENAME":"91st Street","ELEVTYP_F":0,"ELEVTYP_T":0},"geometry":{"type":"LineString","coordinates":[[-74.7532366416695,39.0553110406177],[-74.7539334530506,39.055669830641]]}},{"type":"Feature","id":63554,"properties":{"OBJECTID":63554,"PRIMENAME":"Ocean Drive","ELEVTYP_F":0,"ELEVTYP_T":0},"geometry":{"type":"LineString","coordinates":[[-74.7504197969721,39.0667419966993],[-74.7499867349586,39.0672499387238],[-74.7498783522668,39.0673787849365]]}},{"type":"Feature","id":64569,"properties":{"OBJECTID":64569,"PRIMENAME":"2nd Avenue","ELEVTYP_F":0,"ELEVTYP_T":0},"geometry":{"type":"LineString","coordinates":[[-74.7503862619706,39.0630519773675],[-74.7498530388308,39.063703182589]]}},{"type":"Feature","id":65169,"properties":{"OBJECTID":65169,"PRIMENAME":"3rd Avenue","ELEVTYP_F":0,"ELEVTYP_T":0},"geometry":{"type":"LineString","coordinates":[[-74.7558236183002,39.0603189980954],[-74.7554927178416,39.0607147625088],[-74.7552846535561,39.0609622044509]]}},{"type":"Feature","id":65328,"properties":{"OBJECTID":65328,"PRIMENAME":"100th Street","ELEVTYP_F":0,"ELEVTYP_T":0},"geometry":{"type":"LineString","coordinates":[[-74.7628696942615,39.0519653443198],[-74.7622962962783,39.0516717897547],[-74.7608599753365,39.0509394624769]]}},{"type":"Feature","id":66374,"properties":{"OBJECTID":66374,"PRIMENAME":"Sunset Drive","ELEVTYP_F":0,"ELEVTYP_T":0},"geometry":{"type":"LineString","coordinates":[[-74.7522516877971,39.0667571043595],[-74.7522129616529,39.0668414566475],[-74.752141442992,39.0670046297249],[-74.7520236218219,39.0673309221443],[-74.7519508658002,39.0675230385786]]}},{"type":"Feature","id":66379,"properties":{"OBJECTID":66379,"PRIMENAME":"84th Street","ELEVTYP_F":0,"ELEVTYP_T":0},"geometry":{"type":"LineString","coordinates":[[-74.7542003553369,39.0622488422997],[-74.7540223447221,39.0621579592421],[-74.7535641205129,39.0619229011272],[-74.752726769327,39.0614933501088]]}},{"type":"Feature","id":67114,"properties":{"OBJECTID":67114,"PRIMENAME":"Sunrise Drive","ELEVTYP_F":0,"ELEVTYP_T":0},"geometry":{"type":"LineString","coordinates":[[-74.7642025693802,39.0517270984908],[-74.7643306529954,39.0513795176466],[-74.7644900937062,39.0509611339554]]}},{"type":"Feature","id":68191,"properties":{"OBJECTID":68191,"PRIMENAME":"92nd Street","ELEVTYP_F":0,"ELEVTYP_T":0},"geometry":{"type":"LineString","coordinates":[[-74.7563292610487,39.0559758278386],[-74.7560583975032,39.0558365506876],[-74.7544737961372,39.0550256387322]]}},{"type":"Feature","id":68234,"properties":{"OBJECTID":68234,"PRIMENAME":"Paradise Drive","ELEVTYP_F":0,"ELEVTYP_T":0},"geometry":{"type":"LineString","coordinates":[[-74.7757415938202,39.0397256671322],[-74.7756161858029,39.0397283237776],[-74.7747668475004,39.0397463097319],[-74.7735493390067,39.0397674588185],[-74.7726411126901,39.0397818036041],[-74.772519798365,39.0397859869167]]}},{"type":"Feature","id":69396,"properties":{"OBJECTID":69396,"PRIMENAME":"3rd Avenue","ELEVTYP_F":0,"ELEVTYP_T":0},"geometry":{"type":"LineString","coordinates":[[-74.7729777775008,39.0372834474971],[-74.7728254591909,39.0375280443816],[-74.7725404489704,39.0379759224864]]}},{"type":"Feature","id":70124,"properties":{"OBJECTID":70124,"PRIMENAME":"2nd Avenue","ELEVTYP_F":0,"ELEVTYP_T":0},"geometry":{"type":"LineString","coordinates":[[-74.7552497345959,39.0572701268171],[-74.7547150672663,39.0579087910524]]}},{"type":"Feature","id":70838,"properties":{"OBJECTID":70838,"PRIMENAME":"76th Street","ELEVTYP_F":0,"ELEVTYP_T":0},"geometry":{"type":"LineString","coordinates":[[-74.7498783522668,39.0673787849365],[-74.7495065390033,39.0671873740627],[-74.7478675679337,39.066351558418]]}},{"type":"Feature","id":71253,"properties":{"OBJECTID":71253,"PRIMENAME":"105th Street","ELEVTYP_F":0,"ELEVTYP_T":0},"geometry":{"type":"LineString","coordinates":[[-74.7655667935604,39.0487567642129],[-74.7642066294268,39.048062497921],[-74.7635646607081,39.047730334528]]}},{"type":"Feature","id":71613,"properties":{"OBJECTID":71613,"PRIMENAME":"90th Street","ELEVTYP_F":0,"ELEVTYP_T":0},"geometry":{"type":"LineString","coordinates":[[-74.7554531736652,39.0573741868528],[-74.7553499723498,39.0573213912444],[-74.7553496852769,39.0573212450336],[-74.7552497345959,39.0572701268171]]}},{"type":"Feature","id":71902,"properties":{"OBJECTID":71902,"PRIMENAME":"111th Street","ELEVTYP_F":0,"ELEVTYP_T":0},"geometry":{"type":"LineString","coordinates":[[-74.7664534087192,39.0433531180667],[-74.7674396328051,39.0437386247974],[-74.7685919043149,39.044184589257]]}},{"type":"Feature","id":72068,"properties":{"OBJECTID":72068,"PRIMENAME":"Paradise Drive","ELEVTYP_F":0,"ELEVTYP_T":0},"geometry":{"type":"LineString","coordinates":[[-74.7704220959875,39.0415688890669],[-74.7703619925311,39.0416892468635],[-74.7703231883893,39.0417809098156],[-74.7703038911744,39.0418542680792],[-74.7703003206775,39.0419428287908],[-74.7703123469724,39.0420221826327],[-74.7703440799611,39.0421259013181],[-74.7703530845247,39.0421883197409],[-74.7703484076132,39.0422545048271],[-74.7703435899604,39.042274670865],[-74.7703392108308,39.0422804744255]]}},{"type":"Feature","id":72220,"properties":{"OBJECTID":72220,"PRIMENAME":"102nd Street","ELEVTYP_F":0,"ELEVTYP_T":0},"geometry":{"type":"LineString","coordinates":[[-74.7639492560648,39.0506826975447],[-74.7644900937062,39.0509611339554]]}},{"type":"Feature","id":72504,"properties":{"OBJECTID":72504,"PRIMENAME":"Stone Harbor Boulevard","ELEVTYP_F":0,"ELEVTYP_T":0},"geometry":{"type":"LineString","coordinates":[[-74.7704259780617,39.05992896017],[-74.7708649646114,39.0601829993609],[-74.7711261074947,39.0603345981576],[-74.7721769067004,39.0609445979463],[-74.772338030852,39.0610386141813],[-74.7725317625572,39.0611516539022]]}},{"type":"Feature","id":73073,"properties":{"OBJECTID":73073,"PRIMENAME":"80th Street","ELEVTYP_F":0,"ELEVTYP_T":0},"geometry":{"type":"LineString","coordinates":[[-74.7480121569648,39.0627083883633],[-74.7480122025997,39.0627214308315],[-74.7480290344659,39.0627506646845],[-74.7480667280771,39.0627832044378]]}},{"type":"Feature","id":73184,"properties":{"OBJECTID":73184,"PRIMENAME":"91st Street","ELEVTYP_F":0,"ELEVTYP_T":0},"geometry":{"type":"LineString","coordinates":[[-74.7539334530506,39.055669830641],[-74.7549967832358,39.0562172771967],[-74.7557933153259,39.0566256200992]]}},{"type":"Feature","id":73249,"properties":{"OBJECTID":73249,"PRIMENAME":"87th Street","ELEVTYP_F":0,"ELEVTYP_T":0},"geometry":{"type":"LineString","coordinates":[[-74.7538211934112,39.0592928436572],[-74.7537216582921,39.0592414385759],[-74.7536305552375,39.0591943815135]]}},{"type":"Feature","id":73352,"properties":{"OBJECTID":73352,"PRIMENAME":"3rd Avenue","ELEVTYP_F":0,"ELEVTYP_T":0},"geometry":{"type":"LineString","coordinates":[[-74.7590765602555,39.0564665292712],[-74.7587070093924,39.0569054983832],[-74.7585357540901,39.0571102217418]]}},{"type":"Feature","id":73636,"properties":{"OBJECTID":73636,"PRIMENAME":"3rd Avenue","ELEVTYP_F":0,"ELEVTYP_T":0},"geometry":{"type":"LineString","coordinates":[[-74.7736273818063,39.0362401060218],[-74.7735550489577,39.0363562710279],[-74.7734070120528,39.0365940103444]]}},{"type":"Feature","id":73903,"properties":{"OBJECTID":73903,"PRIMENAME":"105th Street","ELEVTYP_F":0,"ELEVTYP_T":0},"geometry":{"type":"LineString","coordinates":[[-74.7633688180781,39.0476289891807],[-74.7631878995208,39.0475353589917],[-74.7629562487149,39.0474154721445],[-74.7615105784265,39.0466756773024]]}},{"type":"Feature","id":74072,"properties":{"OBJECTID":74072,"PRIMENAME":"78th Street","ELEVTYP_F":0,"ELEVTYP_T":0},"geometry":{"type":"LineString","coordinates":[[-74.7509602785476,39.066094416638],[-74.750735295272,39.0659790003682],[-74.7494711713067,39.0653352381739],[-74.7489351619145,39.0650619132723]]}},{"type":"Feature","id":74670,"properties":{"OBJECTID":74670,"PRIMENAME":"89th Street","ELEVTYP_F":0,"ELEVTYP_T":0},"geometry":{"type":"LineString","coordinates":[[-74.7549044295424,39.0580054687419],[-74.7555498579863,39.0583349266721],[-74.7563294293262,39.0587399805453],[-74.7569096911576,39.0590332462454]]}},{"type":"Feature","id":75811,"properties":{"OBJECTID":75811,"PRIMENAME":"82nd Street","ELEVTYP_F":0,"ELEVTYP_T":0},"geometry":{"type":"LineString","coordinates":[[-74.7509332522025,39.0624104791581],[-74.7511157441495,39.0625046526055]]}},{"type":"Feature","id":75964,"properties":{"OBJECTID":75964,"PRIMENAME":"3rd Avenue","ELEVTYP_F":0,"ELEVTYP_T":0},"geometry":{"type":"LineString","coordinates":[[-74.7668614122538,39.0469234759791],[-74.7666743430579,39.0472173919889],[-74.7665031995383,39.0474862815478],[-74.7664117339337,39.0476220234117]]}},{"type":"Feature","id":76232,"properties":{"OBJECTID":76232,"PRIMENAME":"2nd Avenue","ELEVTYP_F":0,"ELEVTYP_T":0},"geometry":{"type":"LineString","coordinates":[[-74.7697267272459,39.0377510722582],[-74.7692953310797,39.0384385792448]]}},{"type":"Feature","id":76857,"properties":{"OBJECTID":76857,"PRIMENAME":"105th Street","ELEVTYP_F":0,"ELEVTYP_T":0},"geometry":{"type":"LineString","coordinates":[[-74.7659088753504,39.0489313598463],[-74.7655667935604,39.0487567642129]]}},{"type":"Feature","id":77112,"properties":{"OBJECTID":77112,"PRIMENAME":"3rd Avenue","ELEVTYP_F":0,"ELEVTYP_T":0},"geometry":{"type":"LineString","coordinates":[[-74.767722260491,39.0455551851957],[-74.7676024041053,39.0457430275633],[-74.7675040807531,39.0458986931774]]}},{"type":"Feature","id":77572,"properties":{"OBJECTID":77572,"PRIMENAME":"2nd Avenue","ELEVTYP_F":0,"ELEVTYP_T":0},"geometry":{"type":"LineString","coordinates":[[-74.7692953310797,39.0384385792448],[-74.7688678813924,39.039129341977]]}},{"type":"Feature","id":77800,"properties":{"OBJECTID":77800,"PRIMENAME":"79th Street","ELEVTYP_F":0,"ELEVTYP_T":0},"geometry":{"type":"LineString","coordinates":[[-74.7493182508254,39.0643370526256],[-74.7493924544843,39.0643749505334],[-74.7494836291098,39.064421544065]]}},{"type":"Feature","id":79690,"properties":{"OBJECTID":79690,"PRIMENAME":"104th Street","ELEVTYP_F":0,"ELEVTYP_T":0},"geometry":{"type":"LineString","coordinates":[[-74.7680663295982,39.0509534357958],[-74.7683555416437,39.0511023226466],[-74.7684565616028,39.0511543280789],[-74.768723938603,39.0512919909599],[-74.7689377532561,39.0514013583563],[-74.7690466384577,39.0514481976488],[-74.7691514027978,39.0514761833358],[-74.7691665291475,39.0514785059664]]}},{"type":"Feature","id":79823,"properties":{"OBJECTID":79823,"PRIMENAME":"89th Street","ELEVTYP_F":0,"ELEVTYP_T":0},"geometry":{"type":"LineString","coordinates":[[-74.7569096911576,39.0590332462454],[-74.7582498939482,39.0597105331454]]}},{"type":"Feature","id":80523,"properties":{"OBJECTID":80523,"PRIMENAME":"118th Street","ELEVTYP_F":0,"ELEVTYP_T":0},"geometry":{"type":"LineString","coordinates":[[-74.772519798365,39.0397859869167],[-74.7725172717582,39.0401729055909]]}},{"type":"Feature","id":80962,"properties":{"OBJECTID":80962,"PRIMENAME":"2nd Avenue","ELEVTYP_F":0,"ELEVTYP_T":0},"geometry":{"type":"LineString","coordinates":[[-74.7622937009577,39.0489136256218],[-74.7617564257697,39.0495555952741]]}},{"type":"Feature","id":81478,"properties":{"OBJECTID":81478,"PRIMENAME":"78th Street","ELEVTYP_F":0,"ELEVTYP_T":0},"geometry":{"type":"LineString","coordinates":[[-74.7522516877971,39.0667571043595],[-74.7509602785476,39.066094416638]]}},{"type":"Feature","id":82826,"properties":{"OBJECTID":82826,"PRIMENAME":"3rd Avenue","ELEVTYP_F":0,"ELEVTYP_T":0},"geometry":{"type":"LineString","coordinates":[[-74.7681649585035,39.0448612348037],[-74.7679464983667,39.0452037002007]]}},{"type":"Feature","id":82864,"properties":{"OBJECTID":82864,"PRIMENAME":"114th Street","ELEVTYP_F":0,"ELEVTYP_T":0},"geometry":{"type":"LineString","coordinates":[[-74.7677549678572,39.0412727622722],[-74.7675552895689,39.0411969133763]]}},{"type":"Feature","id":82897,"properties":{"OBJECTID":82897,"PRIMENAME":"1st Avenue","ELEVTYP_F":0,"ELEVTYP_T":0},"geometry":{"type":"LineString","coordinates":[[-74.7577211511088,39.051174260691],[-74.7581685049056,39.050648821022],[-74.7582683265668,39.0505297879513]]}},{"type":"Feature","id":83439,"properties":{"OBJECTID":83439,"PRIMENAME":"105th Street","ELEVTYP_F":0,"ELEVTYP_T":0},"geometry":{"type":"LineString","coordinates":[[-74.7615105784265,39.0466756773024],[-74.7610322696947,39.0464309428792],[-74.7606530982997,39.0462276946269]]}},{"type":"Feature","id":83630,"properties":{"OBJECTID":83630,"PRIMENAME":"2nd Avenue","ELEVTYP_F":0,"ELEVTYP_T":0},"geometry":{"type":"LineString","coordinates":[[-74.7649132635898,39.0453236197789],[-74.7644903869309,39.0460072710324]]}},{"type":"Feature","id":83781,"properties":{"OBJECTID":83781,"PRIMENAME":"106th Street","ELEVTYP_F":0,"ELEVTYP_T":0},"geometry":{"type":"LineString","coordinates":[[-74.7664117339337,39.0476220234117],[-74.7667455690713,39.0477489135144]]}},{"type":"Feature","id":84011,"properties":{"OBJECTID":84011,"PRIMENAME":"1st Avenue","ELEVTYP_F":0,"ELEVTYP_T":0},"geometry":{"type":"LineString","coordinates":[[-74.7517661177056,39.0582400786405],[-74.7523103064113,39.0575969868351]]}},{"type":"Feature","id":84452,"properties":{"OBJECTID":84452,"PRIMENAME":"114th Street","ELEVTYP_F":0,"ELEVTYP_T":0},"geometry":{"type":"LineString","coordinates":[[-74.7703392108308,39.0422804744255],[-74.7703290513207,39.0422938973177],[-74.7702900141206,39.0423244944039],[-74.7702118246644,39.0423552083106],[-74.7700984010518,39.0423799094645],[-74.7699732166637,39.0424137805267],[-74.7698207100624,39.0424568583596],[-74.7696634072313,39.0424890737393]]}},{"type":"Feature","id":85436,"properties":{"OBJECTID":85436,"PRIMENAME":"2nd Avenue","ELEVTYP_F":0,"ELEVTYP_T":0},"geometry":{"type":"LineString","coordinates":[[-74.7612089377519,39.0501999202834],[-74.7606735887292,39.050844434441]]}},{"type":"Feature","id":85579,"properties":{"OBJECTID":85579,"PRIMENAME":"93rd Street","ELEVTYP_F":0,"ELEVTYP_T":0},"geometry":{"type":"LineString","coordinates":[[-74.7568739016411,39.0553374916985],[-74.756767961052,39.0552822989752],[-74.7565212118864,39.0551537494201],[-74.7552152060343,39.0544873504066],[-74.7550126940295,39.0543842211533]]}},{"type":"Feature","id":85891,"properties":{"OBJECTID":85891,"PRIMENAME":"121st Street","ELEVTYP_F":0,"ELEVTYP_T":0},"geometry":{"type":"LineString","coordinates":[[-74.7705988779579,39.0363710624444],[-74.7707076581833,39.0364122089578],[-74.7707125848147,39.03641407311],[-74.7708159261644,39.0364531808914]]}},{"type":"Feature","id":86048,"properties":{"OBJECTID":86048,"PRIMENAME":"Dune Drive","ELEVTYP_F":0,"ELEVTYP_T":0},"geometry":{"type":"LineString","coordinates":[[-74.7482283886759,39.0656191708388],[-74.7476862388901,39.0662591080258]]}},{"type":"Feature","id":86501,"properties":{"OBJECTID":86501,"PRIMENAME":"104th Street","ELEVTYP_F":0,"ELEVTYP_T":0},"geometry":{"type":"LineString","coordinates":[[-74.7609726402378,39.0473166018741],[-74.761862537422,39.0477758222737],[-74.7626783651096,39.0481923588585],[-74.7628232699151,39.0482663431379]]}},{"type":"Feature","id":86744,"properties":{"OBJECTID":86744,"PRIMENAME":"77th Street","ELEVTYP_F":0,"ELEVTYP_T":0},"geometry":{"type":"LineString","coordinates":[[-74.746761954571,39.0648660054895],[-74.7481344265206,39.0655713742227],[-74.7482283886759,39.0656191708388]]}},{"type":"Feature","id":87150,"properties":{"OBJECTID":87150,"PRIMENAME":"1st Avenue","ELEVTYP_F":0,"ELEVTYP_T":0},"geometry":{"type":"LineString","coordinates":[[-74.7544737961372,39.0550256387322],[-74.754657157008,39.0548069739101],[-74.7550126940295,39.0543842211533]]}},{"type":"Feature","id":88187,"properties":{"OBJECTID":88187,"PRIMENAME":"110th Street","ELEVTYP_F":0,"ELEVTYP_T":0},"geometry":{"type":"LineString","coordinates":[[-74.7657969604928,39.043949744336],[-74.7656319495626,39.0438863332894],[-74.7654185678033,39.0438043366104],[-74.7638148102911,39.0431861298273]]}},{"type":"Feature","id":88662,"properties":{"OBJECTID":88662,"PRIMENAME":"1st Avenue","ELEVTYP_F":0,"ELEVTYP_T":0},"geometry":{"type":"LineString","coordinates":[[-74.7528484990844,39.0569542351432],[-74.75318847523,39.0565465678932],[-74.7533885217468,39.05631350836]]}},{"type":"Feature","id":88672,"properties":{"OBJECTID":88672,"PRIMENAME":"3rd Avenue","ELEVTYP_F":0,"ELEVTYP_T":0},"geometry":{"type":"LineString","coordinates":[[-74.7696634072313,39.0424890737393],[-74.7695672118808,39.0426369384317],[-74.7694366920986,39.0428420227844],[-74.7690966414206,39.0433925205333],[-74.7688493215469,39.0437730569155],[-74.7685919043149,39.044184589257]]}},{"type":"Feature","id":89776,"properties":{"OBJECTID":89776,"PRIMENAME":"Chelsea Place","ELEVTYP_F":0,"ELEVTYP_T":0},"geometry":{"type":"LineString","coordinates":[[-74.7637271899187,39.047177893632],[-74.7638278182154,39.0472226818404],[-74.76383564885,39.0472261666563],[-74.7639440362022,39.0472744127154]]}},{"type":"Feature","id":90169,"properties":{"OBJECTID":90169,"PRIMENAME":"3rd Avenue","ELEVTYP_F":0,"ELEVTYP_T":0},"geometry":{"type":"LineString","coordinates":[[-74.7612368274748,39.0538992913078],[-74.760923057366,39.0542732873799],[-74.7607509965975,39.054475763733],[-74.7606548191757,39.0545901774259]]}},{"type":"Feature","id":91060,"properties":{"OBJECTID":91060,"PRIMENAME":"Sunset Drive","ELEVTYP_F":0,"ELEVTYP_T":0},"geometry":{"type":"LineString","coordinates":[[-74.7657251805479,39.0543569556708],[-74.7662816769356,39.0537132217646],[-74.7666216172845,39.0533207001357],[-74.7667330311823,39.0531873827565]]}},{"type":"Feature","id":91085,"properties":{"OBJECTID":91085,"PRIMENAME":"Ocean Drive","ELEVTYP_F":0,"ELEVTYP_T":0},"geometry":{"type":"LineString","coordinates":[[-74.7712994807491,39.040076373603],[-74.7711611636644,39.0401918824457],[-74.7710959812727,39.0402630134006],[-74.7710820265003,39.0402782847338],[-74.7710029212445,39.0403727874009]]}},{"type":"Feature","id":91124,"properties":{"OBJECTID":91124,"PRIMENAME":"99th Street","ELEVTYP_F":0,"ELEVTYP_T":0},"geometry":{"type":"LineString","coordinates":[[-74.7644535705333,39.0537049269493],[-74.7645553738622,39.0537576375281],[-74.7645587783858,39.0537594008867],[-74.7646684732871,39.0538155779727]]}},{"type":"Feature","id":91571,"properties":{"OBJECTID":91571,"PRIMENAME":"Sunset Drive","ELEVTYP_F":0,"ELEVTYP_T":0},"geometry":{"type":"LineString","coordinates":[[-74.7674552700267,39.0520870194536],[-74.767547242873,39.0519447949532],[-74.7676273773501,39.0518290953054]]}},{"type":"Feature","id":91803,"properties":{"OBJECTID":91803,"PRIMENAME":"93rd Street","ELEVTYP_F":0,"ELEVTYP_T":0},"geometry":{"type":"LineString","coordinates":[[-74.7570671471528,39.0554381112237],[-74.7569734003618,39.0553893049978],[-74.7568739016411,39.0553374916985]]}},{"type":"Feature","id":92256,"properties":{"OBJECTID":92256,"PRIMENAME":"Stone Harbor Bridge","ELEVTYP_F":0,"ELEVTYP_T":0},"geometry":{"type":"LineString","coordinates":[[-74.7784674453082,39.0395710066171],[-74.7772090242008,39.0395902250003],[-74.7759497363165,39.0396118929999],[-74.7757579589878,39.0396151923572],[-74.775712727271,39.0396158100694]]}},{"type":"Feature","id":92966,"properties":{"OBJECTID":92966,"PRIMENAME":"91st Street","ELEVTYP_F":0,"ELEVTYP_T":0},"geometry":{"type":"LineString","coordinates":[[-74.7557933153259,39.0566256200992],[-74.75589238843,39.0566763920516],[-74.7559843346351,39.0567235283974]]}},{"type":"Feature","id":92975,"properties":{"OBJECTID":92975,"PRIMENAME":"1st Avenue","ELEVTYP_F":0,"ELEVTYP_T":0},"geometry":{"type":"LineString","coordinates":[[-74.7539334530506,39.055669830641],[-74.7544737961372,39.0550256387322]]}},{"type":"Feature","id":93433,"properties":{"OBJECTID":93433,"PRIMENAME":"109th Street","ELEVTYP_F":0,"ELEVTYP_T":0},"geometry":{"type":"LineString","coordinates":[[-74.767722260491,39.0455551851957],[-74.7684926194958,39.0458523789083]]}},{"type":"Feature","id":93677,"properties":{"OBJECTID":93677,"PRIMENAME":"107th Street","ELEVTYP_F":0,"ELEVTYP_T":0},"geometry":{"type":"LineString","coordinates":[[-74.767362194871,39.0470990221477],[-74.7669989771906,39.0469716983815],[-74.7668614122538,39.0469234759791]]}},{"type":"Feature","id":93939,"properties":{"OBJECTID":93939,"PRIMENAME":"Ocean Drive","ELEVTYP_F":0,"ELEVTYP_T":0},"geometry":{"type":"LineString","coordinates":[[-74.775712727271,39.0396158100694],[-74.775039280671,39.0396250167457],[-74.7734810293376,39.0396475167118],[-74.7729040546664,39.0396542777287],[-74.7727208752449,39.0396573970287],[-74.7725309001748,39.0396605319191],[-74.7724958797056,39.03966231726],[-74.7724203321418,39.0396661719293],[-74.7722580117691,39.0396827240132],[-74.7721302320389,39.0396991943903],[-74.771999043144,39.0397264369209],[-74.7718230423927,39.0397834390634],[-74.7717322800986,39.0398219270669]]}},{"type":"Feature","id":94470,"properties":{"OBJECTID":94470,"PRIMENAME":"1st Avenue","ELEVTYP_F":0,"ELEVTYP_T":0},"geometry":{"type":"LineString","coordinates":[[-74.755552110946,39.0537426890825],[-74.7557056276364,39.0535601681194],[-74.7560983448505,39.0530997945116]]}},{"type":"Feature","id":96274,"properties":{"OBJECTID":96274,"PRIMENAME":"Ocean Drive","ELEVTYP_F":0,"ELEVTYP_T":0},"geometry":{"type":"LineString","coordinates":[[-74.7515014369656,39.0654518025607],[-74.7512233924967,39.0657783847354],[-74.7509602785476,39.066094416638]]}},{"type":"Feature","id":97424,"properties":{"OBJECTID":97424,"PRIMENAME":"113th Street","ELEVTYP_F":0,"ELEVTYP_T":0},"geometry":{"type":"LineString","coordinates":[[-74.76731493132,39.0419673918666],[-74.7671021629632,39.0418846815497]]}},{"type":"Feature","id":97784,"properties":{"OBJECTID":97784,"PRIMENAME":"115th Street","ELEVTYP_F":0,"ELEVTYP_T":0},"geometry":{"type":"LineString","coordinates":[[-74.7679900468033,39.0405230533743],[-74.7677899579124,39.040444123979],[-74.7665597361197,39.0399588250025]]}},{"type":"Feature","id":97840,"properties":{"OBJECTID":97840,"PRIMENAME":"Corinthian Drive","ELEVTYP_F":0,"ELEVTYP_T":0},"geometry":{"type":"LineString","coordinates":[[-74.7674472569191,39.050634832574],[-74.7672851202407,39.0508934480357]]}},{"type":"Feature","id":100456,"properties":{"OBJECTID":100456,"PRIMENAME":"82nd Street","ELEVTYP_F":0,"ELEVTYP_T":0},"geometry":{"type":"LineString","coordinates":[[-74.7531246285305,39.0635302073537],[-74.7533718145802,39.063650705698]]}},{"type":"Feature","id":100937,"properties":{"OBJECTID":100937,"PRIMENAME":"102nd Street","ELEVTYP_F":0,"ELEVTYP_T":0},"geometry":{"type":"LineString","coordinates":[[-74.7619451764292,39.0496524837677],[-74.762997111928,39.0501924695287],[-74.7639492560648,39.0506826975447]]}},{"type":"Feature","id":101585,"properties":{"OBJECTID":101585,"PRIMENAME":"95th Street","ELEVTYP_F":0,"ELEVTYP_T":0},"geometry":{"type":"LineString","coordinates":[[-74.7635874935646,39.0569425397398],[-74.7632278631533,39.0567553463008]]}},{"type":"Feature","id":101758,"properties":{"OBJECTID":101758,"PRIMENAME":"96th Street","ELEVTYP_F":0,"ELEVTYP_T":0},"geometry":{"type":"LineString","coordinates":[[-74.7576986169723,39.0529966521246],[-74.7571581151816,39.052720489754],[-74.7566433005032,39.0524569550878]]}},{"type":"Feature","id":106498,"properties":{"OBJECTID":106498,"PRIMENAME":"81st Street","ELEVTYP_F":0,"ELEVTYP_T":0},"geometry":{"type":"LineString","coordinates":[[-74.7525734676769,39.0641843556091],[-74.7540786571946,39.0649569687636]]}},{"type":"Feature","id":106872,"properties":{"OBJECTID":106872,"PRIMENAME":"3rd Avenue","ELEVTYP_F":0,"ELEVTYP_T":0},"geometry":{"type":"LineString","coordinates":[[-74.7574555561704,39.0583876008765],[-74.7574509264366,39.0583930477543],[-74.7571033433871,39.0588060978311],[-74.7569096911576,39.0590332462454]]}},{"type":"Feature","id":106894,"properties":{"OBJECTID":106894,"PRIMENAME":"Sunset Drive","ELEVTYP_F":0,"ELEVTYP_T":0},"geometry":{"type":"LineString","coordinates":[[-74.7571066779579,39.0609781909138],[-74.7569239217087,39.0611912565219],[-74.7565673464152,39.0616155826061]]}},{"type":"Feature","id":107842,"properties":{"OBJECTID":107842,"PRIMENAME":"103rd Street","ELEVTYP_F":0,"ELEVTYP_T":0},"geometry":{"type":"LineString","coordinates":[[-74.7622937009577,39.0489136256218],[-74.7621724314845,39.048851523009],[-74.7614246143108,39.0484685576686],[-74.7604311766403,39.0479590425133]]}},{"type":"Feature","id":113096,"properties":{"OBJECTID":113096,"PRIMENAME":"118th Street","ELEVTYP_F":0,"ELEVTYP_T":0},"geometry":{"type":"LineString","coordinates":[[-74.7692953310797,39.0384385792448],[-74.7690550671292,39.0383459886381],[-74.7683152207404,39.0380608706362]]}},{"type":"Feature","id":113856,"properties":{"OBJECTID":113856,"PRIMENAME":"101st Street","ELEVTYP_F":0,"ELEVTYP_T":0},"geometry":{"type":"LineString","coordinates":[[-74.7613985364429,39.0502974933019],[-74.7613100171211,39.0502519462022],[-74.7612089377519,39.0501999202834]]}},{"type":"Feature","id":114088,"properties":{"OBJECTID":114088,"PRIMENAME":"3rd Avenue","ELEVTYP_F":0,"ELEVTYP_T":0},"geometry":{"type":"LineString","coordinates":[[-74.7685919043149,39.044184589257],[-74.768385233099,39.0445149469747]]}},{"type":"Feature","id":114257,"properties":{"OBJECTID":114257,"PRIMENAME":"97th Street","ELEVTYP_F":0,"ELEVTYP_T":0},"geometry":{"type":"LineString","coordinates":[[-74.7563892611415,39.0513957906135],[-74.7571870971016,39.0518075258551]]}},{"type":"Feature","id":114542,"properties":{"OBJECTID":114542,"PRIMENAME":"89th Street","ELEVTYP_F":0,"ELEVTYP_T":0},"geometry":{"type":"LineString","coordinates":[[-74.7547150672663,39.0579087910524],[-74.7548122712377,39.0579584148982],[-74.7549044295424,39.0580054687419]]}},{"type":"Feature","id":114911,"properties":{"OBJECTID":114911,"PRIMENAME":"Sunset Drive","ELEVTYP_F":0,"ELEVTYP_T":0},"geometry":{"type":"LineString","coordinates":[[-74.767946592043,39.0512027011146],[-74.7680663295982,39.0509534357958]]}},{"type":"Feature","id":115195,"properties":{"OBJECTID":115195,"PRIMENAME":"103rd Street","ELEVTYP_F":0,"ELEVTYP_T":0},"geometry":{"type":"LineString","coordinates":[[-74.7624854488468,39.0490118235639],[-74.7623898393247,39.0489628609677],[-74.7622937009577,39.0489136256218]]}},{"type":"Feature","id":117706,"properties":{"OBJECTID":117706,"PRIMENAME":"2nd Avenue","ELEVTYP_F":0,"ELEVTYP_T":0},"geometry":{"type":"LineString","coordinates":[[-74.7633688180781,39.0476289891807],[-74.7628232699151,39.0482663431379]]}},{"type":"Feature","id":118915,"properties":{"OBJECTID":118915,"PRIMENAME":"3rd Avenue","ELEVTYP_F":0,"ELEVTYP_T":0},"geometry":{"type":"LineString","coordinates":[[-74.7525734676769,39.0641843556091],[-74.7521438845565,39.0646912551089],[-74.7521028968203,39.0647405177214],[-74.7520338312323,39.0648235113107]]}},{"type":"Feature","id":120905,"properties":{"OBJECTID":120905,"PRIMENAME":"1st Avenue","ELEVTYP_F":0,"ELEVTYP_T":0},"geometry":{"type":"LineString","coordinates":[[-74.7523103064113,39.0575969868351],[-74.7524562321425,39.0574244537307],[-74.7528484990844,39.0569542351432]]}},{"type":"Feature","id":121880,"properties":{"OBJECTID":121880,"PRIMENAME":"3rd Avenue","ELEVTYP_F":0,"ELEVTYP_T":0},"geometry":{"type":"LineString","coordinates":[[-74.7596197811341,39.0558210712898],[-74.7594434078416,39.0560308044484],[-74.7590765602555,39.0564665292712]]}},{"type":"Feature","id":121953,"properties":{"OBJECTID":121953,"PRIMENAME":"121st Street","ELEVTYP_F":0,"ELEVTYP_T":0},"geometry":{"type":"LineString","coordinates":[[-74.7708159261644,39.0364531808914],[-74.7713729002302,39.0366638906794],[-74.7729777775008,39.0372834474971]]}},{"type":"Feature","id":122806,"properties":{"OBJECTID":122806,"PRIMENAME":"97th Street","ELEVTYP_F":0,"ELEVTYP_T":0},"geometry":{"type":"LineString","coordinates":[[-74.7571870971016,39.0518075258551],[-74.7577375508599,39.05209157296],[-74.7582449354836,39.0523550372851]]}},{"type":"Feature","id":124180,"properties":{"OBJECTID":124180,"PRIMENAME":"2nd Avenue","ELEVTYP_F":0,"ELEVTYP_T":0},"geometry":{"type":"LineString","coordinates":[[-74.7514690317685,39.0617685088292],[-74.7509332522025,39.0624104791581]]}},{"type":"Feature","id":124355,"properties":{"OBJECTID":124355,"PRIMENAME":"119th Street","ELEVTYP_F":0,"ELEVTYP_T":0},"geometry":{"type":"LineString","coordinates":[[-74.768802307108,39.0373968539805],[-74.7695067699308,39.0376667901634],[-74.7697267272459,39.0377510722582]]}},{"type":"Feature","id":124701,"properties":{"OBJECTID":124701,"PRIMENAME":"Third Avenue","ELEVTYP_F":0,"ELEVTYP_T":0},"geometry":{"type":"LineString","coordinates":[[-74.7711777447836,39.0400284292984],[-74.7710029212445,39.0403727874009]]}},{"type":"Feature","id":124765,"properties":{"OBJECTID":124765,"PRIMENAME":"97th Street","ELEVTYP_F":0,"ELEVTYP_T":0},"geometry":{"type":"LineString","coordinates":[[-74.7592398492121,39.0528701409359],[-74.7602766754189,39.0534025245141],[-74.7612368274748,39.0538992913078]]}},{"type":"Feature","id":127690,"properties":{"OBJECTID":127690,"PRIMENAME":"95th Street","ELEVTYP_F":0,"ELEVTYP_T":0},"geometry":{"type":"LineString","coordinates":[[-74.7581496345741,39.0541515863356],[-74.7580539166393,39.0541028132558],[-74.7579697705076,39.0540599178065]]}},{"type":"Feature","id":128193,"properties":{"OBJECTID":128193,"PRIMENAME":"110th Street","ELEVTYP_F":0,"ELEVTYP_T":0},"geometry":{"type":"LineString","coordinates":[[-74.7696397367644,39.0454319848065],[-74.7692453505672,39.0452793494062]]}},{"type":"Feature","id":131277,"properties":{"OBJECTID":131277,"PRIMENAME":"Stone Harbor Boulevard","ELEVTYP_F":0,"ELEVTYP_T":0},"geometry":{"type":"LineString","coordinates":[[-74.7653228241893,39.0569581902923],[-74.765467441791,39.0570397335782],[-74.7658916285246,39.0572820457698],[-74.7660875396957,39.0573929535965],[-74.7664437458143,39.0575946047233],[-74.7668548755287,39.0578282391531],[-74.7675323580323,39.0582288113535],[-74.7685427374055,39.0588266132092],[-74.7694630127866,39.0593698082795],[-74.7702462467166,39.0598249533767],[-74.7704259780617,39.05992896017]]}},{"type":"Feature","id":131608,"properties":{"OBJECTID":131608,"PRIMENAME":"1st Avenue","ELEVTYP_F":0,"ELEVTYP_T":0},"geometry":{"type":"LineString","coordinates":[[-74.7501409599585,39.0601698991194],[-74.7504880664557,39.0597580509789],[-74.7506825725156,39.0595267926878]]}},{"type":"Feature","id":131764,"properties":{"OBJECTID":131764,"PRIMENAME":"Corinthian Drive","ELEVTYP_F":0,"ELEVTYP_T":0},"geometry":{"type":"LineString","coordinates":[[-74.7646684732871,39.0538155779727],[-74.764713269191,39.0537969691387],[-74.7648047279692,39.0537600507683],[-74.7649031546154,39.0537314629235],[-74.7650061643848,39.0537136550256],[-74.7651316834682,39.0536882458013],[-74.7652999808166,39.0536321785283],[-74.7654125441012,39.0535887579451],[-74.7655033032787,39.053534568521],[-74.7655821425652,39.053466540206],[-74.7656555367732,39.0533831745672],[-74.7657325096218,39.053277478435],[-74.7659780419614,39.0529046132718]]}},{"type":"Feature","id":131915,"properties":{"OBJECTID":131915,"PRIMENAME":"83rd Street","ELEVTYP_F":0,"ELEVTYP_T":0},"geometry":{"type":"LineString","coordinates":[[-74.7516548038514,39.0618641562767],[-74.752816864959,39.0624621513557],[-74.753661101168,39.0628881427075]]}},{"type":"Feature","id":131945,"properties":{"OBJECTID":131945,"PRIMENAME":"79th Street","ELEVTYP_F":0,"ELEVTYP_T":0},"geometry":{"type":"LineString","coordinates":[[-74.7494836291098,39.064421544065],[-74.7511113224299,39.0652530230762],[-74.7515014369656,39.0654518025607]]}},{"type":"Feature","id":132312,"properties":{"OBJECTID":132312,"PRIMENAME":"106th Street","ELEVTYP_F":0,"ELEVTYP_T":0},"geometry":{"type":"LineString","coordinates":[[-74.7640414539062,39.0467124533842],[-74.7641564107953,39.0467570422165],[-74.7641598329872,39.0467583695349],[-74.7642658701414,39.0467995092626]]}},{"type":"Feature","id":133775,"properties":{"OBJECTID":133775,"PRIMENAME":"84th Street","ELEVTYP_F":0,"ELEVTYP_T":0},"geometry":{"type":"LineString","coordinates":[[-74.752726769327,39.0614933501088],[-74.7525271323052,39.0613909797815],[-74.7521900656919,39.0612183388585]]}},{"type":"Feature","id":135487,"properties":{"OBJECTID":135487,"PRIMENAME":"109th Street","ELEVTYP_F":0,"ELEVTYP_T":0},"geometry":{"type":"LineString","coordinates":[[-74.7655693066753,39.0447260383082],[-74.7669753216162,39.0452670494345],[-74.767722260491,39.0455551851957]]}},{"type":"Feature","id":142245,"properties":{"OBJECTID":142245,"PRIMENAME":"2nd Avenue","ELEVTYP_F":0,"ELEVTYP_T":0},"geometry":{"type":"LineString","coordinates":[[-74.7640414539062,39.0467124533842],[-74.7637271899187,39.047177893632]]}},{"type":"Feature","id":142595,"properties":{"OBJECTID":142595,"PRIMENAME":"91st Street","ELEVTYP_F":0,"ELEVTYP_T":0},"geometry":{"type":"LineString","coordinates":[[-74.7559843346351,39.0567235283974],[-74.7565399661577,39.0570083109151],[-74.7579940677375,39.0577563576109]]}},{"type":"Feature","id":145136,"properties":{"OBJECTID":145136,"PRIMENAME":"122nd Street","ELEVTYP_F":0,"ELEVTYP_T":0},"geometry":{"type":"LineString","coordinates":[[-74.7734070120528,39.0365940103444],[-74.7713343988831,39.0358025340578],[-74.7712490706217,39.0357692061873]]}},{"type":"Feature","id":146495,"properties":{"OBJECTID":146495,"PRIMENAME":"119th Street","ELEVTYP_F":0,"ELEVTYP_T":0},"geometry":{"type":"LineString","coordinates":[[-74.7697267272459,39.0377510722582],[-74.7698410730773,39.0377949056674],[-74.769933523124,39.0378303323859]]}},{"type":"Feature","id":146757,"properties":{"OBJECTID":146757,"PRIMENAME":"Sunset Drive","ELEVTYP_F":0,"ELEVTYP_T":0},"geometry":{"type":"LineString","coordinates":[[-74.7699643912443,39.0442765357666],[-74.769751348931,39.0446240998823]]}},{"type":"Feature","id":147504,"properties":{"OBJECTID":147504,"PRIMENAME":"113th Street","ELEVTYP_F":0,"ELEVTYP_T":0},"geometry":{"type":"LineString","coordinates":[[-74.7671021629632,39.0418846815497],[-74.7669240421825,39.0418154521594],[-74.7651421755155,39.0411228780716]]}},{"type":"Feature","id":148366,"properties":{"OBJECTID":148366,"PRIMENAME":"Stone Court","ELEVTYP_F":0,"ELEVTYP_T":0},"geometry":{"type":"LineString","coordinates":[[-74.768385233099,39.0445149469747],[-74.7662326024284,39.0436904237971]]}},{"type":"Feature","id":148787,"properties":{"OBJECTID":148787,"PRIMENAME":"104th Street","ELEVTYP_F":0,"ELEVTYP_T":0},"geometry":{"type":"LineString","coordinates":[[-74.7630189313799,39.0483662340141],[-74.7637542392329,39.0487416286082],[-74.7650270648964,39.0494032578772]]}},{"type":"Feature","id":149017,"properties":{"OBJECTID":149017,"PRIMENAME":"Sunset Drive","ELEVTYP_F":0,"ELEVTYP_T":0},"geometry":{"type":"LineString","coordinates":[[-74.7582498939482,39.0597105331454],[-74.7582009294835,39.0597561121859],[-74.7579161340379,39.0600418672734],[-74.7576635393056,39.0603313944609]]}},{"type":"Feature","id":150657,"properties":{"OBJECTID":150657,"PRIMENAME":"122nd Street","ELEVTYP_F":0,"ELEVTYP_T":0},"geometry":{"type":"LineString","coordinates":[[-74.7712490706217,39.0357692061873],[-74.7711479820983,39.0357297088809],[-74.771052076252,39.0356922597054]]}},{"type":"Feature","id":152360,"properties":{"OBJECTID":152360,"PRIMENAME":"1st Avenue","ELEVTYP_F":0,"ELEVTYP_T":0},"geometry":{"type":"LineString","coordinates":[[-74.7620655379044,39.0459457469676],[-74.7621614147637,39.0457825395443],[-74.7623857496952,39.045439961861],[-74.7625100214306,39.0452429171456]]}},{"type":"Feature","id":155623,"properties":{"OBJECTID":155623,"PRIMENAME":"114th Street","ELEVTYP_F":0,"ELEVTYP_T":0},"geometry":{"type":"LineString","coordinates":[[-74.7675552895689,39.0411969133763],[-74.7673315764064,39.0411119232765],[-74.7660843933608,39.0406381000126],[-74.7656293700975,39.0404649969336]]}},{"type":"Feature","id":156849,"properties":{"OBJECTID":156849,"PRIMENAME":"2nd Avenue","ELEVTYP_F":0,"ELEVTYP_T":0},"geometry":{"type":"LineString","coordinates":[[-74.7671021629632,39.0418846815497],[-74.7662341475516,39.0432674004493]]}},{"type":"Feature","id":157756,"properties":{"OBJECTID":157756,"PRIMENAME":"Sunset Drive","ELEVTYP_F":0,"ELEVTYP_T":0},"geometry":{"type":"LineString","coordinates":[[-74.7684926194958,39.0458523789083],[-74.7681185533832,39.0461289194617],[-74.7673920143132,39.0466957314408],[-74.7672005570871,39.0468244548423],[-74.7671256691222,39.0468641379347],[-74.7670701629223,39.046889115165],[-74.7670182921466,39.0469069988119],[-74.7669852918637,39.0469124380545],[-74.7669527314508,39.0469178033115],[-74.7668614122538,39.0469234759791]]}},{"type":"Feature","id":158069,"properties":{"OBJECTID":158069,"PRIMENAME":"3rd Avenue","ELEVTYP_F":0,"ELEVTYP_T":0},"geometry":{"type":"LineString","coordinates":[[-74.7716259520278,39.0394271614161],[-74.7716224573784,39.0394340061603],[-74.7715991948735,39.0395011958198],[-74.7715915306906,39.0395501167044],[-74.7716035121343,39.0396081355457],[-74.7716351292043,39.0396813754874],[-74.7717322800986,39.0398219270669]]}},{"type":"Feature","id":160165,"properties":{"OBJECTID":160165,"PRIMENAME":"Linden Lane","ELEVTYP_F":0,"ELEVTYP_T":0},"geometry":{"type":"LineString","coordinates":[[-74.7543832159296,39.0620325133604],[-74.7537179930014,39.0616904235688],[-74.7529935307053,39.0613178636693],[-74.7529846245844,39.0613140975999],[-74.7529472179509,39.0612982768597],[-74.7529219531788,39.0612950642563],[-74.7528883656579,39.0612984044916],[-74.7528581307159,39.0613135449445],[-74.7528254643123,39.0613477185034],[-74.7527627135791,39.0614396191362],[-74.752726769327,39.0614933501088]]}},{"type":"Feature","id":160549,"properties":{"OBJECTID":160549,"PRIMENAME":"2nd Avenue","ELEVTYP_F":0,"ELEVTYP_T":0},"geometry":{"type":"LineString","coordinates":[[-74.7606735887292,39.050844434441],[-74.7601304798321,39.0514785026534]]}},{"type":"Feature","id":160979,"properties":{"OBJECTID":160979,"PRIMENAME":"Golden Gate Drive","ELEVTYP_F":0,"ELEVTYP_T":0},"geometry":{"type":"LineString","coordinates":[[-74.7718834331209,39.0489529243715],[-74.771912428349,39.0489383863297],[-74.771941353093,39.0489238484451],[-74.771973806069,39.0489111139471],[-74.7720074280939,39.0489001622099],[-74.772044528744,39.0488874177538],[-74.7720676861957,39.0488746778852],[-74.7720850047712,39.048854703347],[-74.7720965656836,39.0488393266939],[-74.7720999620322,39.0488157875145],[-74.7720986887829,39.0487958833721],[-74.7720916784316,39.0487768988747],[-74.7720823124791,39.0487588252321],[-74.7720671723477,39.0487407380324],[-74.7720474078252,39.0487290324699],[-74.7720276225523,39.0487209510957],[-74.7719962439489,39.0487110572073],[-74.7719683913603,39.0487111221579],[-74.7719301424944,39.0487184596275],[-74.7719069953857,39.0487338903016],[-74.7718884660265,39.0487502434931],[-74.7718781159493,39.0487692684722],[-74.7718724065823,39.0487955047944],[-74.7718725072151,39.0488217545989],[-74.7718749657484,39.0488570326895],[-74.7718785877554,39.0488923350935],[-74.7718834331209,39.0489529243715]]}},{"type":"Feature","id":161375,"properties":{"OBJECTID":161375,"PRIMENAME":"89th Street","ELEVTYP_F":0,"ELEVTYP_T":0},"geometry":{"type":"LineString","coordinates":[[-74.7542391780215,39.0576658365381],[-74.7546115790345,39.0578559575864],[-74.7547150672663,39.0579087910524]]}},{"type":"Feature","id":161683,"properties":{"OBJECTID":161683,"PRIMENAME":"87th Street","ELEVTYP_F":0,"ELEVTYP_T":0},"geometry":{"type":"LineString","coordinates":[[-74.7517661177056,39.0582400786405],[-74.7511063949593,39.057906621718]]}},{"type":"Feature","id":161993,"properties":{"OBJECTID":161993,"PRIMENAME":"92nd Street","ELEVTYP_F":0,"ELEVTYP_T":0},"geometry":{"type":"LineString","coordinates":[[-74.7565219392974,39.0560749126432],[-74.7564351083244,39.05603026444],[-74.7563292610487,39.0559758278386]]}},{"type":"Feature","id":162181,"properties":{"OBJECTID":162181,"PRIMENAME":"3rd Avenue","ELEVTYP_F":0,"ELEVTYP_T":0},"geometry":{"type":"LineString","coordinates":[[-74.7655667935604,39.0487567642129],[-74.7654063175316,39.0489519999544],[-74.7651998994471,39.0491976707614],[-74.7650270648964,39.0494032578772]]}},{"type":"Feature","id":162236,"properties":{"OBJECTID":162236,"PRIMENAME":"Acton Drive","ELEVTYP_F":0,"ELEVTYP_T":0},"geometry":{"type":"LineString","coordinates":[[-74.7702633758629,39.0601145139743],[-74.7700806092523,39.060322987833],[-74.769901703243,39.0604914176081],[-74.7698318505298,39.0605435026752]]}},{"type":"Feature","id":163168,"properties":{"OBJECTID":163168,"PRIMENAME":"102nd Street","ELEVTYP_F":0,"ELEVTYP_T":0},"geometry":{"type":"LineString","coordinates":[[-74.7591118080675,39.0481966387748],[-74.7598918023675,39.0485976869232]]}},{"type":"Feature","id":164123,"properties":{"OBJECTID":164123,"PRIMENAME":"Stone Harbor Boulevard","ELEVTYP_F":0,"ELEVTYP_T":0},"geometry":{"type":"LineString","coordinates":[[-74.7725317625572,39.0611516539022],[-74.7734771368601,39.0617031335886],[-74.7741703070067,39.0621066767702],[-74.7753726436118,39.0628136905569],[-74.77599931502,39.0631747108355],[-74.7776833910008,39.0641577205929],[-74.7793401346407,39.0651194913246],[-74.7807109765152,39.0659173986428],[-74.7810752963868,39.066126712667],[-74.7812906295817,39.0662389361284],[-74.7814472460248,39.0663146992533],[-74.7816429600535,39.066408655065],[-74.781842643515,39.0664995803928],[-74.7820696952666,39.0665995558149],[-74.7822927777705,39.0666843276972],[-74.7825041195057,39.066766052982],[-74.7827037199694,39.0668356421288],[-74.7830245714453,39.0669445310134],[-74.783146946753,39.0669818481633],[-74.7831550086962,39.066984306835],[-74.7834706073299,39.0670805457551],[-74.7835689084395,39.0671114321339]]}},{"type":"Feature","id":164581,"properties":{"OBJECTID":164581,"PRIMENAME":"3rd Avenue","ELEVTYP_F":0,"ELEVTYP_T":0},"geometry":{"type":"LineString","coordinates":[[-74.7563676010233,39.0596736368278],[-74.7558403098879,39.0602990264744],[-74.7558236183002,39.0603189980954]]}},{"type":"Feature","id":165210,"properties":{"OBJECTID":165210,"PRIMENAME":"98th Street","ELEVTYP_F":0,"ELEVTYP_T":0},"geometry":{"type":"LineString","coordinates":[[-74.7597751208066,39.0522257985793],[-74.759933251057,39.0523069142306],[-74.761534810683,39.0531224375439],[-74.7617867937291,39.0532507882186]]}},{"type":"Feature","id":165238,"properties":{"OBJECTID":165238,"PRIMENAME":"Pennsylvania Avenue","ELEVTYP_F":0,"ELEVTYP_T":0},"geometry":{"type":"LineString","coordinates":[[-74.7531517577858,39.0589470084524],[-74.7529255906179,39.0592149682877],[-74.7526090521732,39.0595919953229]]}},{"type":"Feature","id":165497,"properties":{"OBJECTID":165497,"PRIMENAME":"85th Street","ELEVTYP_F":0,"ELEVTYP_T":0},"geometry":{"type":"LineString","coordinates":[[-74.7500431526126,39.0592002885325],[-74.7506825725156,39.0595267926878]]}},{"type":"Feature","id":166084,"properties":{"OBJECTID":166084,"PRIMENAME":"Chelsea Place","ELEVTYP_F":0,"ELEVTYP_T":0},"geometry":{"type":"LineString","coordinates":[[-74.7633027416975,39.0469890340728],[-74.7635034036164,39.0470783197041],[-74.7637271899187,39.047177893632]]}},{"type":"Feature","id":167322,"properties":{"OBJECTID":167322,"PRIMENAME":"83rd Street","ELEVTYP_F":0,"ELEVTYP_T":0},"geometry":{"type":"LineString","coordinates":[[-74.7489503841175,39.0604809109195],[-74.7495999677874,39.0608118197272]]}},{"type":"Feature","id":167473,"properties":{"OBJECTID":167473,"PRIMENAME":"Bower Court","ELEVTYP_F":0,"ELEVTYP_T":0},"geometry":{"type":"LineString","coordinates":[[-74.7675040807531,39.0458986931774],[-74.7653579552677,39.0450709816693]]}},{"type":"Feature","id":167952,"properties":{"OBJECTID":167952,"PRIMENAME":"Sunset Drive","ELEVTYP_F":0,"ELEVTYP_T":0},"geometry":{"type":"LineString","coordinates":[[-74.7565673464152,39.0616155826061],[-74.7561871655874,39.062068021936]]}},{"type":"Feature","id":168036,"properties":{"OBJECTID":168036,"PRIMENAME":"84th Street","ELEVTYP_F":0,"ELEVTYP_T":0},"geometry":{"type":"LineString","coordinates":[[-74.752005002459,39.0611235420274],[-74.7519033306328,39.061071458983],[-74.7512972860748,39.0607610023984],[-74.7501409599585,39.0601698991194]]}},{"type":"Feature","id":169756,"properties":{"OBJECTID":169756,"PRIMENAME":"3rd Avenue","ELEVTYP_F":0,"ELEVTYP_T":0},"geometry":{"type":"LineString","coordinates":[[-74.7623267504602,39.05261229908],[-74.7620379167911,39.052955790516],[-74.7617867937291,39.0532507882186]]}},{"type":"Feature","id":170880,"properties":{"OBJECTID":170880,"PRIMENAME":"Stone Harbor Bridge","ELEVTYP_F":0,"ELEVTYP_T":0},"geometry":{"type":"LineString","coordinates":[[-74.7999814715272,39.030773281361],[-74.7996711367745,39.0310989735263],[-74.7991164705583,39.031687480979],[-74.7986352344102,39.032200974315],[-74.7980548555715,39.0328154358164],[-74.7977388933828,39.0331356914441],[-74.7975293501558,39.0333204155094],[-74.7973602050394,39.033458961843],[-74.7971836539615,39.0335946710783],[-74.7969812849434,39.0337362391959],[-74.7968119827391,39.0338460081268],[-74.7966795363305,39.0339297906228],[-74.7965359763548,39.0340164848667],[-74.7963850344665,39.0340974583254],[-74.7961972927026,39.0341929126382],[-74.7959726432711,39.0343028217759],[-74.7955970626753,39.0344879914505],[-74.7951956500802,39.034684674289],[-74.7947427426502,39.0349102907958],[-74.7937116608091,39.0354136468331],[-74.7928536569204,39.0358359695076],[-74.7918777748189,39.0363190158044],[-74.7910234464282,39.0367413157821],[-74.7899628416904,39.0372619555594],[-74.7893846698373,39.037548298349],[-74.7888543870419,39.0378115081833],[-74.7883277268315,39.0380660584157],[-74.7874807142229,39.0384883142896],[-74.7869393270598,39.038751543662],[-74.7866851565761,39.0388644172511],[-74.7864457148962,39.0389628395001],[-74.7861988438453,39.0390526564816],[-74.7859629697202,39.039128031365],[-74.7857455089163,39.0391947655862],[-74.7854911380287,39.0392587079066],[-74.7853326059281,39.0392965210299],[-74.7851150871207,39.0393401895723],[-74.7848274672971,39.039392732992],[-74.7845508806286,39.039430806246],[-74.7843516941131,39.0394543025925],[-74.7841451367137,39.0394749599371],[-74.7838351850152,39.0394901021756],[-74.7835067962658,39.0394995229193],[-74.7831304305922,39.039503320746],[-74.7825289548601,39.0395105446803],[-74.7816839652073,39.0395240941057],[-74.78101860673,39.0395334112612],[-74.780691382255,39.0395379917788],[-74.7799196305359,39.0395493360385],[-74.7792892062249,39.0395586009273],[-74.7787150575866,39.0395672234712],[-74.7784674453082,39.0395710066171]]}},{"type":"Feature","id":172755,"properties":{"OBJECTID":172755,"PRIMENAME":"Charles Street","ELEVTYP_F":0,"ELEVTYP_T":0},"geometry":{"type":"LineString","coordinates":[[-74.7667330311823,39.0531873827565],[-74.7659780419614,39.0529046132718]]}},{"type":"Feature","id":173129,"properties":{"OBJECTID":173129,"PRIMENAME":"2nd Avenue","ELEVTYP_F":0,"ELEVTYP_T":0},"geometry":{"type":"LineString","coordinates":[[-74.7617564257697,39.0495555952741],[-74.7612089377519,39.0501999202834]]}},{"type":"Feature","id":173774,"properties":{"OBJECTID":173774,"PRIMENAME":"86th Street","ELEVTYP_F":0,"ELEVTYP_T":0},"geometry":{"type":"LineString","coordinates":[[-74.7512239603281,39.0588830256404],[-74.752204677303,39.0593857541395],[-74.7526090521732,39.0595919953229]]}},{"type":"Feature","id":174505,"properties":{"OBJECTID":174505,"PRIMENAME":"3rd Avenue","ELEVTYP_F":0,"ELEVTYP_T":0},"geometry":{"type":"LineString","coordinates":[[-74.7585357540901,39.0571102217418],[-74.7580566287407,39.0576830157469],[-74.7579940677375,39.0577563576109]]}},{"type":"Feature","id":174648,"properties":{"OBJECTID":174648,"PRIMENAME":"3rd Avenue","ELEVTYP_F":0,"ELEVTYP_T":0},"geometry":{"type":"LineString","coordinates":[[-74.7639492560648,39.0506826975447],[-74.7637170205158,39.0509579415276],[-74.7634076787178,39.0513227357924]]}},{"type":"Feature","id":175785,"properties":{"OBJECTID":175785,"PRIMENAME":"88th Street","ELEVTYP_F":0,"ELEVTYP_T":0},"geometry":{"type":"LineString","coordinates":[[-74.7536940147573,39.0583072647482],[-74.7525448960007,39.0577169107579],[-74.7523103064113,39.0575969868351]]}},{"type":"Feature","id":175921,"properties":{"OBJECTID":175921,"PRIMENAME":"Dune Drive","ELEVTYP_F":0,"ELEVTYP_T":0},"geometry":{"type":"LineString","coordinates":[[-74.7493182508254,39.0643370526256],[-74.7487795573549,39.064982616159]]}},{"type":"Feature","id":175955,"properties":{"OBJECTID":175955,"PRIMENAME":"76th Street","ELEVTYP_F":0,"ELEVTYP_T":0},"geometry":{"type":"LineString","coordinates":[[-74.7476862388901,39.0662591080258],[-74.747541712462,39.0661853602308],[-74.74631366899,39.0655583746151]]}},{"type":"Feature","id":177643,"properties":{"OBJECTID":177643,"PRIMENAME":"Sunset Drive","ELEVTYP_F":0,"ELEVTYP_T":0},"geometry":{"type":"LineString","coordinates":[[-74.7692453505672,39.0452793494062],[-74.7691732154986,39.0453383859698],[-74.7686614805798,39.0457274953238],[-74.7684926194958,39.0458523789083]]}},{"type":"Feature","id":177805,"properties":{"OBJECTID":177805,"PRIMENAME":"Berkley Road","ELEVTYP_F":0,"ELEVTYP_T":0},"geometry":{"type":"LineString","coordinates":[[-74.7674552700267,39.0520870194536],[-74.767271112924,39.0519889222617],[-74.7667409790254,39.0517242583291]]}},{"type":"Feature","id":179000,"properties":{"OBJECTID":179000,"PRIMENAME":"3rd Avenue","ELEVTYP_F":0,"ELEVTYP_T":0},"geometry":{"type":"LineString","coordinates":[[-74.753661101168,39.0628881427075],[-74.7531246285305,39.0635302073537]]}},{"type":"Feature","id":180074,"properties":{"OBJECTID":180074,"PRIMENAME":"Hallman Road","ELEVTYP_F":0,"ELEVTYP_T":0},"geometry":{"type":"LineString","coordinates":[[-74.7698318505298,39.0605435026752],[-74.76865283383,39.0598502165798],[-74.7677061313829,39.0593035336672],[-74.767220329295,39.0590610126376]]}},{"type":"Feature","id":180119,"properties":{"OBJECTID":180119,"PRIMENAME":"1st Avenue","ELEVTYP_F":0,"ELEVTYP_T":0},"geometry":{"type":"LineString","coordinates":[[-74.7615105784265,39.0466756773024],[-74.761704309917,39.0464448965006],[-74.7617999764069,39.0463197465375]]}},{"type":"Feature","id":180790,"properties":{"OBJECTID":180790,"PRIMENAME":"85th Street","ELEVTYP_F":0,"ELEVTYP_T":0},"geometry":{"type":"LineString","coordinates":[[-74.7506825725156,39.0595267926878],[-74.7516604283267,39.0600260716705],[-74.7520684463436,39.06023593188]]}},{"type":"Feature","id":182233,"properties":{"OBJECTID":182233,"PRIMENAME":"3rd Avenue","ELEVTYP_F":0,"ELEVTYP_T":0},"geometry":{"type":"LineString","coordinates":[[-74.7569096911576,39.0590332462454],[-74.7567075167106,39.0592704350959],[-74.7563676010233,39.0596736368278]]}},{"type":"Feature","id":182765,"properties":{"OBJECTID":182765,"PRIMENAME":"87th Street","ELEVTYP_F":0,"ELEVTYP_T":0},"geometry":{"type":"LineString","coordinates":[[-74.7558236183002,39.0603189980954],[-74.755549739845,39.0601782166663],[-74.7541261516139,39.0594503930212],[-74.7538211934112,39.0592928436572]]}},{"type":"Feature","id":183445,"properties":{"OBJECTID":183445,"PRIMENAME":"Dune Drive","ELEVTYP_F":0,"ELEVTYP_T":0},"geometry":{"type":"LineString","coordinates":[[-74.747146299674,39.0668991757788],[-74.7466122839506,39.0675440056712]]}},{"type":"Feature","id":184142,"properties":{"OBJECTID":184142,"PRIMENAME":"78th Street","ELEVTYP_F":0,"ELEVTYP_T":0},"geometry":{"type":"LineString","coordinates":[[-74.7487795573549,39.064982616159],[-74.7480987115804,39.0646355136622],[-74.7472354485899,39.0641735802281]]}},{"type":"Feature","id":184865,"properties":{"OBJECTID":184865,"PRIMENAME":"85th Street","ELEVTYP_F":0,"ELEVTYP_T":0},"geometry":{"type":"LineString","coordinates":[[-74.7525408580871,39.060478846811],[-74.7526419109764,39.0605308261471],[-74.7527322376272,39.0605772820799]]}},{"type":"Feature","id":185812,"properties":{"OBJECTID":185812,"PRIMENAME":"2nd Drive","ELEVTYP_F":0,"ELEVTYP_T":0},"geometry":{"type":"LineString","coordinates":[[-74.7721984845048,39.0612901070564],[-74.7721748023318,39.0612954341255],[-74.772128199111,39.0613207496728],[-74.7720637295584,39.0613713407015],[-74.7718311636764,39.0616070887598],[-74.7713625195691,39.0621010255974],[-74.7711585922376,39.062311526786]]}},{"type":"Feature","id":186029,"properties":{"OBJECTID":186029,"PRIMENAME":"86th Street","ELEVTYP_F":0,"ELEVTYP_T":0},"geometry":{"type":"LineString","coordinates":[[-74.7552846535561,39.0609622044509],[-74.7555446317564,39.0610959596479],[-74.7565673464152,39.0616155826061]]}},{"type":"Feature","id":186252,"properties":{"OBJECTID":186252,"PRIMENAME":"108th Street","ELEVTYP_F":0,"ELEVTYP_T":0},"geometry":{"type":"LineString","coordinates":[[-74.7649132635898,39.0453236197789],[-74.7650285728402,39.0453683610104],[-74.7651360175287,39.0454100462829]]}},{"type":"Feature","id":187159,"properties":{"OBJECTID":187159,"PRIMENAME":"111th Street","ELEVTYP_F":0,"ELEVTYP_T":0},"geometry":{"type":"LineString","coordinates":[[-74.7662341475516,39.0432674004493],[-74.7663418176685,39.0433094831941],[-74.7663426147717,39.0433097948721],[-74.7664534087192,39.0433531180667]]}},{"type":"Feature","id":187793,"properties":{"OBJECTID":187793,"PRIMENAME":"116th Street","ELEVTYP_F":0,"ELEVTYP_T":0},"geometry":{"type":"LineString","coordinates":[[-74.7686186815696,39.0399027544516],[-74.7684289425129,39.0398286696392]]}},{"type":"Feature","id":187854,"properties":{"OBJECTID":187854,"PRIMENAME":"94th Street","ELEVTYP_F":0,"ELEVTYP_T":0},"geometry":{"type":"LineString","coordinates":[[-74.757603370127,39.054792705859],[-74.758270024981,39.0551342653958],[-74.7596197811341,39.0558210712898]]}},{"type":"Feature","id":188508,"properties":{"OBJECTID":188508,"PRIMENAME":"83rd Street","ELEVTYP_F":0,"ELEVTYP_T":0},"geometry":{"type":"LineString","coordinates":[[-74.7514690317685,39.0617685088292],[-74.7515581242767,39.0618143908742],[-74.7516548038514,39.0618641562767]]}},{"type":"Feature","id":189382,"properties":{"OBJECTID":189382,"PRIMENAME":"Berkley Road","ELEVTYP_F":0,"ELEVTYP_T":0},"geometry":{"type":"LineString","coordinates":[[-74.7682726449749,39.0525062398412],[-74.7678596343182,39.0522992762005],[-74.7677612333752,39.0522499956437],[-74.7674552700267,39.0520870194536]]}},{"type":"Feature","id":189898,"properties":{"OBJECTID":189898,"PRIMENAME":"99th Street","ELEVTYP_F":0,"ELEVTYP_T":0},"geometry":{"type":"LineString","coordinates":[[-74.7646684732871,39.0538155779727],[-74.7648823675564,39.0539251633742],[-74.7657251805479,39.0543569556708]]}},{"type":"Feature","id":190412,"properties":{"OBJECTID":190412,"PRIMENAME":"Pennsylvania Avenue","ELEVTYP_F":0,"ELEVTYP_T":0},"geometry":{"type":"LineString","coordinates":[[-74.7542391780215,39.0576658365381],[-74.7536940147573,39.0583072647482]]}},{"type":"Feature","id":190428,"properties":{"OBJECTID":190428,"PRIMENAME":"98th Street","ELEVTYP_F":0,"ELEVTYP_T":0},"geometry":{"type":"LineString","coordinates":[[-74.7640175354229,39.0546451356079],[-74.7640885649304,39.0546826467511],[-74.7645919821627,39.0549376629801],[-74.7646726233354,39.054965102921],[-74.7647338952166,39.0549825368352],[-74.7647854347098,39.0549874448038],[-74.7648627624993,39.0549948201846]]}},{"type":"Feature","id":191094,"properties":{"OBJECTID":191094,"PRIMENAME":"Dune Drive","ELEVTYP_F":0,"ELEVTYP_T":0},"geometry":{"type":"LineString","coordinates":[[-74.7487795573549,39.064982616159],[-74.7482283886759,39.0656191708388]]}},{"type":"Feature","id":192555,"properties":{"OBJECTID":192555,"PRIMENAME":"96th Street","ELEVTYP_F":0,"ELEVTYP_T":0},"geometry":{"type":"LineString","coordinates":[[-74.7606548191757,39.0545901774259],[-74.7612367985462,39.0548855052671],[-74.7617534852331,39.0551506629691],[-74.7622974727953,39.0554263285019],[-74.7626635316168,39.0556118897477],[-74.7628653952746,39.055707291316],[-74.7631014184607,39.0558212325445],[-74.7634537248457,39.0559721979588],[-74.7637987379716,39.0561220536321]]}},{"type":"Feature","id":194036,"properties":{"OBJECTID":194036,"PRIMENAME":"3rd Avenue","ELEVTYP_F":0,"ELEVTYP_T":0},"geometry":{"type":"LineString","coordinates":[[-74.7734070120528,39.0365940103444],[-74.7729777775008,39.0372834474971]]}},{"type":"Feature","id":194258,"properties":{"OBJECTID":194258,"PRIMENAME":"104th Street","ELEVTYP_F":0,"ELEVTYP_T":0},"geometry":{"type":"LineString","coordinates":[[-74.7674472569191,39.050634832574],[-74.7680663295982,39.0509534357958]]}},{"type":"Feature","id":195936,"properties":{"OBJECTID":195936,"PRIMENAME":"Corinthian Drive","ELEVTYP_F":0,"ELEVTYP_T":0},"geometry":{"type":"LineString","coordinates":[[-74.7667409790254,39.0517242583291],[-74.7668981355239,39.0514791642823]]}},{"type":"Feature","id":198497,"properties":{"OBJECTID":198497,"PRIMENAME":"2nd Avenue","ELEVTYP_F":0,"ELEVTYP_T":0},"geometry":{"type":"LineString","coordinates":[[-74.7579697705076,39.0540599178065],[-74.7574105193529,39.0546939258851]]}},{"type":"Feature","id":198544,"properties":{"OBJECTID":198544,"PRIMENAME":"Sunset Drive","ELEVTYP_F":0,"ELEVTYP_T":0},"geometry":{"type":"LineString","coordinates":[[-74.769751348931,39.0446240998823],[-74.769606191788,39.0448608220584],[-74.7694815612466,39.045041373263],[-74.7694113809114,39.0451331633034],[-74.7693528341726,39.0451913452088],[-74.7692453505672,39.0452793494062]]}},{"type":"Feature","id":199022,"properties":{"OBJECTID":199022,"PRIMENAME":"117th Street","ELEVTYP_F":0,"ELEVTYP_T":0},"geometry":{"type":"LineString","coordinates":[[-74.7686649435184,39.0390519556883],[-74.7688678813924,39.039129341977]]}},{"type":"Feature","id":199548,"properties":{"OBJECTID":199548,"PRIMENAME":"3rd Avenue","ELEVTYP_F":0,"ELEVTYP_T":0},"geometry":{"type":"LineString","coordinates":[[-74.7725404489704,39.0379759224864],[-74.772101272228,39.03866609298]]}},{"type":"Feature","id":200571,"properties":{"OBJECTID":200571,"PRIMENAME":"3rd Avenue","ELEVTYP_F":0,"ELEVTYP_T":0},"geometry":{"type":"LineString","coordinates":[[-74.7547414617387,39.0616080524875],[-74.7546254506918,39.061746008597],[-74.7543832159296,39.0620325133604]]}},{"type":"Feature","id":201144,"properties":{"OBJECTID":201144,"PRIMENAME":"Sunset Drive","ELEVTYP_F":0,"ELEVTYP_T":0},"geometry":{"type":"LineString","coordinates":[[-74.7637987379716,39.0561220536321],[-74.7636625802257,39.0562833704137],[-74.7635654669462,39.056398424588],[-74.7633257943412,39.0566773093924],[-74.7632738239363,39.0567274827179],[-74.7632278631533,39.0567553463008]]}},{"type":"Feature","id":201314,"properties":{"OBJECTID":201314,"PRIMENAME":"109th Street","ELEVTYP_F":0,"ELEVTYP_T":0},"geometry":{"type":"LineString","coordinates":[[-74.7626287042529,39.0435937597272],[-74.7633716217135,39.0438798461455]]}},{"type":"Feature","id":206371,"properties":{"OBJECTID":206371,"PRIMENAME":"114th Street","ELEVTYP_F":0,"ELEVTYP_T":0},"geometry":{"type":"LineString","coordinates":[[-74.7703392108308,39.0422804744255],[-74.7712072459739,39.0426032623514]]}},{"type":"Feature","id":208308,"properties":{"OBJECTID":208308,"PRIMENAME":"116th Street","ELEVTYP_F":0,"ELEVTYP_T":0},"geometry":{"type":"LineString","coordinates":[[-74.7684289425129,39.0398286696392],[-74.7682305008146,39.0397511722634],[-74.7674351881968,39.0394405793384]]}},{"type":"Feature","id":208867,"properties":{"OBJECTID":208867,"PRIMENAME":"2nd Avenue","ELEVTYP_F":0,"ELEVTYP_T":0},"geometry":{"type":"LineString","coordinates":[[-74.7601304798321,39.0514785026534],[-74.7595904236152,39.0521310677601]]}},{"type":"Feature","id":211329,"properties":{"OBJECTID":211329,"PRIMENAME":"98th Street","ELEVTYP_F":0,"ELEVTYP_T":0},"geometry":{"type":"LineString","coordinates":[[-74.7595904236152,39.0521310677601],[-74.7596822958727,39.0521782004951],[-74.7597751208066,39.0522257985793]]}},{"type":"Feature","id":211829,"properties":{"OBJECTID":211829,"PRIMENAME":"85th Street","ELEVTYP_F":0,"ELEVTYP_T":0},"geometry":{"type":"LineString","coordinates":[[-74.7520684463436,39.06023593188],[-74.7524123795815,39.0604127833347],[-74.7525408580871,39.060478846811]]}},{"type":"Feature","id":212398,"properties":{"OBJECTID":212398,"PRIMENAME":"2nd Avenue","ELEVTYP_F":0,"ELEVTYP_T":0},"geometry":{"type":"LineString","coordinates":[[-74.7509332522025,39.0624104791581],[-74.7509160330007,39.0624311097312],[-74.7508537078194,39.0625041535325],[-74.7503862619706,39.0630519773675]]}},{"type":"Feature","id":212796,"properties":{"OBJECTID":212796,"PRIMENAME":"2nd Avenue","ELEVTYP_F":0,"ELEVTYP_T":0},"geometry":{"type":"LineString","coordinates":[[-74.7563292610487,39.0559758278386],[-74.7557933153259,39.0566256200992]]}},{"type":"Feature","id":213162,"properties":{"OBJECTID":213162,"PRIMENAME":"87th Street","ELEVTYP_F":0,"ELEVTYP_T":0},"geometry":{"type":"LineString","coordinates":[[-74.7571066779579,39.0609781909138],[-74.7558236183002,39.0603189980954]]}},{"type":"Feature","id":213988,"properties":{"OBJECTID":213988,"PRIMENAME":"89th Street","ELEVTYP_F":0,"ELEVTYP_T":0},"geometry":{"type":"LineString","coordinates":[[-74.7528484990844,39.0569542351432],[-74.7538164270483,39.0574500576321],[-74.7542391780215,39.0576658365381]]}},{"type":"Feature","id":214755,"properties":{"OBJECTID":214755,"PRIMENAME":"1st Avenue","ELEVTYP_F":0,"ELEVTYP_T":0},"geometry":{"type":"LineString","coordinates":[[-74.7560983448505,39.0530997945116],[-74.756446172092,39.0526919633683],[-74.7566433005032,39.0524569550878]]}},{"type":"Feature","id":214898,"properties":{"OBJECTID":214898,"PRIMENAME":"Sunset Drive","ELEVTYP_F":0,"ELEVTYP_T":0},"geometry":{"type":"LineString","coordinates":[[-74.7648627624993,39.0549948201846],[-74.76494005265,39.0549921186355],[-74.7650109140622,39.0549844336995],[-74.765094573861,39.0549616456235],[-74.7651846301229,39.0549262670076],[-74.7652617510973,39.0548783697333],[-74.7653291770824,39.0548279954925],[-74.7654093148738,39.0547298694888],[-74.7656594698518,39.0544329177282],[-74.7657251805479,39.0543569556708]]}},{"type":"Feature","id":215490,"properties":{"OBJECTID":215490,"PRIMENAME":"96th Street","ELEVTYP_F":0,"ELEVTYP_T":0},"geometry":{"type":"LineString","coordinates":[[-74.7566433005032,39.0524569550878],[-74.7558413368677,39.0520442369928]]}},{"type":"Feature","id":215767,"properties":{"OBJECTID":215767,"PRIMENAME":"93rd Street","ELEVTYP_F":0,"ELEVTYP_T":0},"geometry":{"type":"LineString","coordinates":[[-74.7618225380689,39.0580286391147],[-74.7616493617114,39.0578351188089],[-74.7616131368943,39.0578007955344],[-74.7615566554408,39.0577553137504]]}},{"type":"Feature","id":215864,"properties":{"OBJECTID":215864,"PRIMENAME":"Sunset Drive","ELEVTYP_F":0,"ELEVTYP_T":0},"geometry":{"type":"LineString","coordinates":[[-74.7576635393056,39.0603313944609],[-74.7575351380453,39.0604786614606],[-74.7571066779579,39.0609781909138]]}},{"type":"Feature","id":217160,"properties":{"OBJECTID":217160,"PRIMENAME":"86th Street","ELEVTYP_F":0,"ELEVTYP_T":0},"geometry":{"type":"LineString","coordinates":[[-74.7526090521732,39.0595919953229],[-74.7529267210638,39.0597539732082],[-74.7530915459365,39.0598380166839]]}},{"type":"Feature","id":217754,"properties":{"OBJECTID":217754,"PRIMENAME":"Sunset Drive","ELEVTYP_F":0,"ELEVTYP_T":0},"geometry":{"type":"LineString","coordinates":[[-74.7549462435765,39.0635413682699],[-74.7554857138686,39.0629048902067]]}},{"type":"Feature","id":219695,"properties":{"OBJECTID":219695,"PRIMENAME":"80th Street","ELEVTYP_F":0,"ELEVTYP_T":0},"geometry":{"type":"LineString","coordinates":[[-74.7520338312323,39.0648235113107],[-74.7524080354614,39.0650152387482],[-74.7537288999318,39.0656893098462],[-74.7541370817381,39.0658976100432]]}},{"type":"Feature","id":219804,"properties":{"OBJECTID":219804,"PRIMENAME":"107th Street","ELEVTYP_F":0,"ELEVTYP_T":0},"geometry":{"type":"LineString","coordinates":[[-74.7644903869309,39.0460072710324],[-74.7642998403919,39.0459342633547],[-74.763702101407,39.045705232187],[-74.7625100214306,39.0452429171456]]}},{"type":"Feature","id":219973,"properties":{"OBJECTID":219973,"PRIMENAME":"88th Street","ELEVTYP_F":0,"ELEVTYP_T":0},"geometry":{"type":"LineString","coordinates":[[-74.7541633842445,39.0585483681946],[-74.7536940147573,39.0583072647482]]}},{"type":"Feature","id":220100,"properties":{"OBJECTID":220100,"PRIMENAME":"2nd Avenue","ELEVTYP_F":0,"ELEVTYP_T":0},"geometry":{"type":"LineString","coordinates":[[-74.7688678813924,39.039129341977],[-74.7684292570458,39.039828147319],[-74.7684289425129,39.0398286696392]]}},{"type":"Feature","id":220300,"properties":{"OBJECTID":220300,"PRIMENAME":"104th Street","ELEVTYP_F":0,"ELEVTYP_T":0},"geometry":{"type":"LineString","coordinates":[[-74.7628232699151,39.0482663431379],[-74.7629314020453,39.0483215372047],[-74.7630189313799,39.0483662340141]]}},{"type":"Feature","id":221804,"properties":{"OBJECTID":221804,"PRIMENAME":"3rd Avenue","ELEVTYP_F":0,"ELEVTYP_T":0},"geometry":{"type":"LineString","coordinates":[[-74.7531246285305,39.0635302073537],[-74.7529011224175,39.0637976945293],[-74.7525734676769,39.0641843556091]]}},{"type":"Feature","id":222981,"properties":{"OBJECTID":222981,"PRIMENAME":"Sunset Drive","ELEVTYP_F":0,"ELEVTYP_T":0},"geometry":{"type":"LineString","coordinates":[[-74.7632278631533,39.0567553463008],[-74.7631497515694,39.0568028057377],[-74.7628576177862,39.056991113472],[-74.7625415343647,39.0572076179887],[-74.7624392720963,39.0572672126735]]}},{"type":"Feature","id":224310,"properties":{"OBJECTID":224310,"PRIMENAME":"Chelsea Place","ELEVTYP_F":0,"ELEVTYP_T":0},"geometry":{"type":"LineString","coordinates":[[-74.7617999764069,39.0463197465375],[-74.7622705846388,39.0465194090715]]}},{"type":"Feature","id":224783,"properties":{"OBJECTID":224783,"PRIMENAME":"109th Street","ELEVTYP_F":0,"ELEVTYP_T":0},"geometry":{"type":"LineString","coordinates":[[-74.7633716217135,39.0438798461455],[-74.7649706992787,39.0444957624728],[-74.7651662577222,39.0445710071212],[-74.7653576286451,39.0446446394254]]}},{"type":"Feature","id":225661,"properties":{"OBJECTID":225661,"PRIMENAME":"88th Street","ELEVTYP_F":0,"ELEVTYP_T":0},"geometry":{"type":"LineString","coordinates":[[-74.7576635393056,39.0603313944609],[-74.7564886595485,39.0597353431275],[-74.7563676010233,39.0596736368278]]}},{"type":"Feature","id":225795,"properties":{"OBJECTID":225795,"PRIMENAME":"102nd Street","ELEVTYP_F":0,"ELEVTYP_T":0},"geometry":{"type":"LineString","coordinates":[[-74.7598918023675,39.0485976869232],[-74.7609137906736,39.0491230410517],[-74.7616378173432,39.0494947086023],[-74.7617564257697,39.0495555952741]]}},{"type":"Feature","id":225865,"properties":{"OBJECTID":225865,"PRIMENAME":"97th Street","ELEVTYP_F":0,"ELEVTYP_T":0},"geometry":{"type":"LineString","coordinates":[[-74.7590382147945,39.052766577978],[-74.7591399313389,39.0528188241457],[-74.7592398492121,39.0528701409359]]}},{"type":"Feature","id":226732,"properties":{"OBJECTID":226732,"PRIMENAME":"80th Street","ELEVTYP_F":0,"ELEVTYP_T":0},"geometry":{"type":"LineString","coordinates":[[-74.7480667280771,39.0627832044378],[-74.7489165341332,39.063217922344],[-74.7498530388308,39.063703182589]]}},{"type":"Feature","id":227361,"properties":{"OBJECTID":227361,"PRIMENAME":"3rd Avenue","ELEVTYP_F":0,"ELEVTYP_T":0},"geometry":{"type":"LineString","coordinates":[[-74.768385233099,39.0445149469747],[-74.7683547488893,39.0445637282328],[-74.7681649585035,39.0448612348037]]}},{"type":"Feature","id":229226,"properties":{"OBJECTID":229226,"PRIMENAME":"83rd Street","ELEVTYP_F":0,"ELEVTYP_T":0},"geometry":{"type":"LineString","coordinates":[[-74.7495999677874,39.0608118197272],[-74.7506098322124,39.0613262786384],[-74.7514690317685,39.0617685088292]]}},{"type":"Feature","id":229414,"properties":{"OBJECTID":229414,"PRIMENAME":"Sunset Drive","ELEVTYP_F":0,"ELEVTYP_T":0},"geometry":{"type":"LineString","coordinates":[[-74.7680663295982,39.0509534357958],[-74.76823463302,39.0506032042687],[-74.7683859878058,39.0502881583668],[-74.7685177445214,39.0499958931717],[-74.7685696196386,39.0498764679991],[-74.7685935271602,39.0498199319915],[-74.7686175406834,39.049772785354],[-74.7686254381254,39.0497288072052],[-74.7686252835638,39.0496880041996],[-74.7686170887715,39.0496534806592],[-74.7685967440593,39.0496001491052],[-74.7685521723057,39.0495186459178],[-74.7684912947929,39.0494182343506]]}},{"type":"Feature","id":229576,"properties":{"OBJECTID":229576,"PRIMENAME":"3rd Avenue","ELEVTYP_F":0,"ELEVTYP_T":0},"geometry":{"type":"LineString","coordinates":[[-74.7579940677375,39.0577563576109],[-74.7574555561704,39.0583876008765]]}},{"type":"Feature","id":230074,"properties":{"OBJECTID":230074,"PRIMENAME":"Dune Drive","ELEVTYP_F":0,"ELEVTYP_T":0},"geometry":{"type":"LineString","coordinates":[[-74.7476862388901,39.0662591080258],[-74.747146299674,39.0668991757788]]}},{"type":"Feature","id":230195,"properties":{"OBJECTID":230195,"PRIMENAME":"3rd Avenue","ELEVTYP_F":0,"ELEVTYP_T":0},"geometry":{"type":"LineString","coordinates":[[-74.7552846535561,39.0609622044509],[-74.7547414617387,39.0616080524875]]}},{"type":"Feature","id":232664,"properties":{"OBJECTID":232664,"PRIMENAME":"101st Street","ELEVTYP_F":0,"ELEVTYP_T":0},"geometry":{"type":"LineString","coordinates":[[-74.7634076787178,39.0513227357924],[-74.7619368918442,39.0505745742451],[-74.7613985364429,39.0502974933019]]}},{"type":"Feature","id":232948,"properties":{"OBJECTID":232948,"PRIMENAME":"99th Street","ELEVTYP_F":0,"ELEVTYP_T":0},"geometry":{"type":"LineString","coordinates":[[-74.7641158783213,39.0535300803482],[-74.7644535705333,39.0537049269493]]}},{"type":"Feature","id":236639,"properties":{"OBJECTID":236639,"PRIMENAME":"3rd Avenue","ELEVTYP_F":0,"ELEVTYP_T":0},"geometry":{"type":"LineString","coordinates":[[-74.7543832159296,39.0620325133604],[-74.7542003553369,39.0622488422997]]}},{"type":"Feature","id":237558,"properties":{"OBJECTID":237558,"PRIMENAME":"3rd Avenue","ELEVTYP_F":0,"ELEVTYP_T":0},"geometry":{"type":"LineString","coordinates":[[-74.7716706020828,39.0393458631589],[-74.7716574427907,39.0393666801896],[-74.7716259520278,39.0394271614161]]}},{"type":"Feature","id":238784,"properties":{"OBJECTID":238784,"PRIMENAME":"108th Street","ELEVTYP_F":0,"ELEVTYP_T":0},"geometry":{"type":"LineString","coordinates":[[-74.7629401024167,39.0445610404205],[-74.7641382640281,39.0450230355712],[-74.7647364186715,39.0452550310136],[-74.7649132635898,39.0453236197789]]}},{"type":"Feature","id":239037,"properties":{"OBJECTID":239037,"PRIMENAME":"Ocean Drive","ELEVTYP_F":0,"ELEVTYP_T":0},"geometry":{"type":"LineString","coordinates":[[-74.7717322800986,39.0398219270669],[-74.77160569813,39.0398755733587],[-74.7714884443313,39.0399378190053],[-74.7713747281013,39.0400135385325],[-74.7712994807491,39.040076373603]]}},{"type":"Feature","id":239077,"properties":{"OBJECTID":239077,"PRIMENAME":"1st Avenue","ELEVTYP_F":0,"ELEVTYP_T":0},"geometry":{"type":"LineString","coordinates":[[-74.7571870971016,39.0518075258551],[-74.7574321465373,39.0515137323948],[-74.7577211511088,39.051174260691]]}},{"type":"Feature","id":240479,"properties":{"OBJECTID":240479,"PRIMENAME":"75th Street","ELEVTYP_F":0,"ELEVTYP_T":0},"geometry":{"type":"LineString","coordinates":[[-74.7458003654624,39.066203075209],[-74.747146299674,39.0668991757788]]}},{"type":"Feature","id":240857,"properties":{"OBJECTID":240857,"PRIMENAME":"1st Avenue","ELEVTYP_F":0,"ELEVTYP_T":0},"geometry":{"type":"LineString","coordinates":[[-74.7598918023675,39.0485976869232],[-74.7604311766403,39.0479590425133]]}},{"type":"Feature","id":241391,"properties":{"OBJECTID":241391,"PRIMENAME":"Corinthian Drive","ELEVTYP_F":0,"ELEVTYP_T":0},"geometry":{"type":"LineString","coordinates":[[-74.7659780419614,39.0529046132718],[-74.7662128571031,39.0525480829213],[-74.7667409790254,39.0517242583291]]}},{"type":"Feature","id":241503,"properties":{"OBJECTID":241503,"PRIMENAME":"1st Drive","ELEVTYP_F":0,"ELEVTYP_T":0},"geometry":{"type":"LineString","coordinates":[[-74.7710604758829,39.0605725870062],[-74.770264352345,39.0614147071446]]}},{"type":"Feature","id":242823,"properties":{"OBJECTID":242823,"PRIMENAME":"Stone Harbor Boulevard","ELEVTYP_F":0,"ELEVTYP_T":0},"geometry":{"type":"LineString","coordinates":[[-74.7637987379716,39.0561220536321],[-74.7638197263115,39.0561311489327],[-74.7641824576749,39.0563193497086],[-74.7642406056987,39.056351482994],[-74.7645519774641,39.0565235421391],[-74.7650147585476,39.0567844861544],[-74.7653228241893,39.0569581902923]]}},{"type":"Feature","id":244062,"properties":{"OBJECTID":244062,"PRIMENAME":"106th Street","ELEVTYP_F":0,"ELEVTYP_T":0},"geometry":{"type":"LineString","coordinates":[[-74.7620655379044,39.0459457469676],[-74.7627098906897,39.0461958138231],[-74.7638850375514,39.0466517662552],[-74.7640414539062,39.0467124533842]]}},{"type":"Feature","id":244302,"properties":{"OBJECTID":244302,"PRIMENAME":"78th Street","ELEVTYP_F":0,"ELEVTYP_T":0},"geometry":{"type":"LineString","coordinates":[[-74.7489351619145,39.0650619132723],[-74.7488534426687,39.0650202412247],[-74.7487795573549,39.064982616159]]}},{"type":"Feature","id":244520,"properties":{"OBJECTID":244520,"PRIMENAME":"3rd Avenue","ELEVTYP_F":0,"ELEVTYP_T":0},"geometry":{"type":"LineString","coordinates":[[-74.7679464983667,39.0452037002007],[-74.767722260491,39.0455551851957]]}},{"type":"Feature","id":244547,"properties":{"OBJECTID":244547,"PRIMENAME":"1st Avenue","ELEVTYP_F":0,"ELEVTYP_T":0},"geometry":{"type":"LineString","coordinates":[[-74.759352038254,39.0492385259339],[-74.7598740613021,39.0486186767628],[-74.7598918023675,39.0485976869232]]}},{"type":"Feature","id":244573,"properties":{"OBJECTID":244573,"PRIMENAME":"Sunset Drive","ELEVTYP_F":0,"ELEVTYP_T":0},"geometry":{"type":"LineString","coordinates":[[-74.7523777250914,39.0658981922086],[-74.7525451855038,39.0659834972487],[-74.752592140976,39.0660143128464],[-74.7526211221435,39.0660423675099],[-74.7526319287175,39.0660756675714],[-74.7526320560803,39.0660760618694],[-74.7526322062225,39.0661181827504],[-74.7526071618973,39.0661772987569],[-74.7524136132771,39.0664925246816],[-74.7523060676982,39.0666670067808],[-74.7522594473591,39.0667401731517],[-74.7522516877971,39.0667571043595]]}},{"type":"Feature","id":246459,"properties":{"OBJECTID":246459,"PRIMENAME":"92nd Street","ELEVTYP_F":0,"ELEVTYP_T":0},"geometry":{"type":"LineString","coordinates":[[-74.7585357540901,39.0571102217418],[-74.7581722286152,39.0569233780768],[-74.7565219392974,39.0560749126432]]}},{"type":"Feature","id":247268,"properties":{"OBJECTID":247268,"PRIMENAME":"2nd Avenue","ELEVTYP_F":0,"ELEVTYP_T":0},"geometry":{"type":"LineString","coordinates":[[-74.7653576286451,39.0446446394254],[-74.7649132635898,39.0453236197789]]}},{"type":"Feature","id":247592,"properties":{"OBJECTID":247592,"PRIMENAME":"Sunset Drive","ELEVTYP_F":0,"ELEVTYP_T":0},"geometry":{"type":"LineString","coordinates":[[-74.7667330311823,39.0531873827565],[-74.7667499286261,39.0531671901766],[-74.7668267935179,39.0530615476187],[-74.7669580744781,39.0528552837508],[-74.7672282933529,39.0524376580852],[-74.7674552700267,39.0520870194536]]}},{"type":"Feature","id":251020,"properties":{"OBJECTID":251020,"PRIMENAME":"3rd Avenue","ELEVTYP_F":0,"ELEVTYP_T":0},"geometry":{"type":"LineString","coordinates":[[-74.772101272228,39.03866609298],[-74.7719299597018,39.0389353353679],[-74.7716706020828,39.0393458631589]]}},{"type":"Feature","id":251484,"properties":{"OBJECTID":251484,"PRIMENAME":"88th Street","ELEVTYP_F":0,"ELEVTYP_T":0},"geometry":{"type":"LineString","coordinates":[[-74.7578965565232,39.0604495813754],[-74.7576635393056,39.0603313944609]]}},{"type":"Feature","id":252233,"properties":{"OBJECTID":252233,"PRIMENAME":"84th Street","ELEVTYP_F":0,"ELEVTYP_T":0},"geometry":{"type":"LineString","coordinates":[[-74.7521900656919,39.0612183388585],[-74.7521008679066,39.0611726494007],[-74.752005002459,39.0611235420274]]}},{"type":"Feature","id":252500,"properties":{"OBJECTID":252500,"PRIMENAME":"110th Street","ELEVTYP_F":0,"ELEVTYP_T":0},"geometry":{"type":"LineString","coordinates":[[-74.7638148102911,39.0431861298273],[-74.7635591327294,39.0430876108862],[-74.7631315852534,39.0429297308074]]}},{"type":"Feature","id":252871,"properties":{"OBJECTID":252871,"PRIMENAME":"90th Street","ELEVTYP_F":0,"ELEVTYP_T":0},"geometry":{"type":"LineString","coordinates":[[-74.7533885217468,39.05631350836],[-74.7527336169165,39.055975162914]]}},{"type":"Feature","id":254484,"properties":{"OBJECTID":254484,"PRIMENAME":"Third Avenue","ELEVTYP_F":0,"ELEVTYP_T":0},"geometry":{"type":"LineString","coordinates":[[-74.7716259520278,39.0394271614161],[-74.7715459931082,39.0394623774281],[-74.7714861146752,39.0395313080783],[-74.7711777447836,39.0400284292984]]}},{"type":"Feature","id":254546,"properties":{"OBJECTID":254546,"PRIMENAME":"2nd Avenue","ELEVTYP_F":0,"ELEVTYP_T":0},"geometry":{"type":"LineString","coordinates":[[-74.7684289425129,39.0398286696392],[-74.767991867229,39.0405202754524],[-74.7679900468033,39.0405230533743]]}},{"type":"Feature","id":256445,"properties":{"OBJECTID":256445,"PRIMENAME":"117th Street","ELEVTYP_F":0,"ELEVTYP_T":0},"geometry":{"type":"LineString","coordinates":[[-74.7688678813924,39.039129341977],[-74.7689587796128,39.0391640046042],[-74.7690519001383,39.0391995124436]]}},{"type":"Feature","id":257242,"properties":{"OBJECTID":257242,"PRIMENAME":"2nd Avenue","ELEVTYP_F":0,"ELEVTYP_T":0},"geometry":{"type":"LineString","coordinates":[[-74.7675552895689,39.0411969133763],[-74.7675542744186,39.0411985084203],[-74.7671044733021,39.0418809962582],[-74.7671021629632,39.0418846815497]]}},{"type":"Feature","id":258209,"properties":{"OBJECTID":258209,"PRIMENAME":"2nd Avenue","ELEVTYP_F":0,"ELEVTYP_T":0},"geometry":{"type":"LineString","coordinates":[[-74.7662341475516,39.0432674004493],[-74.7657969604928,39.043949744336]]}},{"type":"Feature","id":258259,"properties":{"OBJECTID":258259,"PRIMENAME":"104th Street","ELEVTYP_F":0,"ELEVTYP_T":0},"geometry":{"type":"LineString","coordinates":[[-74.7650270648964,39.0494032578772],[-74.7653476395041,39.0495699413397],[-74.7656159469983,39.0497053859686]]}},{"type":"Feature","id":259296,"properties":{"OBJECTID":259296,"PRIMENAME":"99th Street","ELEVTYP_F":0,"ELEVTYP_T":0},"geometry":{"type":"LineString","coordinates":[[-74.757465885568,39.0501180431464],[-74.7582683265668,39.0505297879513]]}},{"type":"Feature","id":259891,"properties":{"OBJECTID":259891,"PRIMENAME":"120th Street","ELEVTYP_F":0,"ELEVTYP_T":0},"geometry":{"type":"LineString","coordinates":[[-74.7701604606038,39.0370597971112],[-74.7699016963443,39.0369607333641],[-74.7691873912092,39.0366872692581]]}},{"type":"Feature","id":263210,"properties":{"OBJECTID":263210,"PRIMENAME":"1st Avenue","ELEVTYP_F":0,"ELEVTYP_T":0},"geometry":{"type":"LineString","coordinates":[[-74.7588094312667,39.049884338718],[-74.7590961606784,39.0495423696017],[-74.759352038254,39.0492385259339]]}},{"type":"Feature","id":264623,"properties":{"OBJECTID":264623,"PRIMENAME":"79th Street","ELEVTYP_F":0,"ELEVTYP_T":0},"geometry":{"type":"LineString","coordinates":[[-74.7515014369656,39.0654518025607],[-74.7523777250914,39.0658981922086]]}},{"type":"Feature","id":265069,"properties":{"OBJECTID":265069,"PRIMENAME":"Sunrise Drive","ELEVTYP_F":0,"ELEVTYP_T":0},"geometry":{"type":"LineString","coordinates":[[-74.7647760038224,39.0501890212393],[-74.7648026384097,39.0501076567363],[-74.7648409932838,39.0500246738008],[-74.7648857782594,39.049956778195],[-74.7649532151585,39.0498913291883],[-74.7650560475147,39.0498182766618],[-74.7651653766538,39.0497778571894],[-74.7652490019215,39.0497474901682],[-74.7653455334368,39.0497221736513],[-74.7654388723074,39.0497093862165],[-74.7656159469983,39.0497053859686]]}},{"type":"Feature","id":267093,"properties":{"OBJECTID":267093,"PRIMENAME":"3rd Avenue","ELEVTYP_F":0,"ELEVTYP_T":0},"geometry":{"type":"LineString","coordinates":[[-74.7542003553369,39.0622488422997],[-74.7537649785264,39.0627637781416],[-74.753661101168,39.0628881427075]]}},{"type":"Feature","id":267816,"properties":{"OBJECTID":267816,"PRIMENAME":"94th Street","ELEVTYP_F":0,"ELEVTYP_T":0},"geometry":{"type":"LineString","coordinates":[[-74.7547658471913,39.0533405278551],[-74.755552110946,39.0537426890825]]}},{"type":"Feature","id":268436,"properties":{"OBJECTID":268436,"PRIMENAME":"86th Street","ELEVTYP_F":0,"ELEVTYP_T":0},"geometry":{"type":"LineString","coordinates":[[-74.753281121478,39.0599346974119],[-74.7540031241915,39.0603028504017],[-74.7552846535561,39.0609622044509]]}},{"type":"Feature","id":270807,"properties":{"OBJECTID":270807,"PRIMENAME":"90th Street","ELEVTYP_F":0,"ELEVTYP_T":0},"geometry":{"type":"LineString","coordinates":[[-74.7552497345959,39.0572701268171],[-74.7551345019827,39.0572111918976],[-74.75428882236,39.0567786664634],[-74.7533885217468,39.05631350836]]}},{"type":"Feature","id":271794,"properties":{"OBJECTID":271794,"PRIMENAME":"77th Street","ELEVTYP_F":0,"ELEVTYP_T":0},"geometry":{"type":"LineString","coordinates":[[-74.7482283886759,39.0656191708388],[-74.7483150474716,39.0656632488916],[-74.7484082689654,39.0657106622743]]}},{"type":"Feature","id":272076,"properties":{"OBJECTID":272076,"PRIMENAME":"Sunset Drive","ELEVTYP_F":0,"ELEVTYP_T":0},"geometry":{"type":"LineString","coordinates":[[-74.7624392720963,39.0572672126735],[-74.7622613488614,39.0573708832903],[-74.7615566554408,39.0577553137504]]}},{"type":"Feature","id":272603,"properties":{"OBJECTID":272603,"PRIMENAME":"Corinthian Drive","ELEVTYP_F":0,"ELEVTYP_T":0},"geometry":{"type":"LineString","coordinates":[[-74.7646684732871,39.0538155779727],[-74.7645653270393,39.0539006022915],[-74.7643089702757,39.0541974297613],[-74.7640448911545,39.0545175387218]]}},{"type":"Feature","id":275068,"properties":{"OBJECTID":275068,"PRIMENAME":"1st Avenue","ELEVTYP_F":0,"ELEVTYP_T":0},"geometry":{"type":"LineString","coordinates":[[-74.7512239603281,39.0588830256404],[-74.7515283365758,39.0585211034471],[-74.7517661177056,39.0582400786405]]}},{"type":"Feature","id":275867,"properties":{"OBJECTID":275867,"PRIMENAME":"83rd Street","ELEVTYP_F":0,"ELEVTYP_T":0},"geometry":{"type":"LineString","coordinates":[[-74.7549462435765,39.0635413682699],[-74.7554198027034,39.063790475739]]}},{"type":"Feature","id":276184,"properties":{"OBJECTID":276184,"PRIMENAME":"101st Street","ELEVTYP_F":0,"ELEVTYP_T":0},"geometry":{"type":"LineString","coordinates":[[-74.7642025693802,39.0517270984908],[-74.7639587034537,39.0516030452241],[-74.7634076787178,39.0513227357924]]}},{"type":"Feature","id":276594,"properties":{"OBJECTID":276594,"PRIMENAME":"1st Avenue","ELEVTYP_F":0,"ELEVTYP_T":0},"geometry":{"type":"LineString","coordinates":[[-74.7638148102911,39.0431861298273],[-74.7639017504784,39.0430550945018],[-74.7640555717391,39.0428527643453],[-74.7643079432314,39.0425083338414]]}},{"type":"Feature","id":277399,"properties":{"OBJECTID":277399,"PRIMENAME":"Pamela Drive","ELEVTYP_F":0,"ELEVTYP_T":0},"geometry":{"type":"LineString","coordinates":[[-74.7710604758829,39.0605725870062],[-74.7708749492082,39.0604639543667],[-74.7702633758629,39.0601145139743]]}},{"type":"Feature","id":277926,"properties":{"OBJECTID":277926,"PRIMENAME":"86th Street","ELEVTYP_F":0,"ELEVTYP_T":0},"geometry":{"type":"LineString","coordinates":[[-74.7505873983854,39.0585567101548],[-74.7512239603281,39.0588830256404]]}},{"type":"Feature","id":279449,"properties":{"OBJECTID":279449,"PRIMENAME":"94th Street","ELEVTYP_F":0,"ELEVTYP_T":0},"geometry":{"type":"LineString","coordinates":[[-74.755552110946,39.0537426890825],[-74.7565621363912,39.0542592110965],[-74.7574105193529,39.0546939258851]]}},{"type":"Feature","id":279624,"properties":{"OBJECTID":279624,"PRIMENAME":"3rd Avenue","ELEVTYP_F":0,"ELEVTYP_T":0},"geometry":{"type":"LineString","coordinates":[[-74.7660122660738,39.0481906871189],[-74.7658741193989,39.0483769487104],[-74.765612712877,39.0487009471116],[-74.7655667935604,39.0487567642129]]}},{"type":"Feature","id":282837,"properties":{"OBJECTID":282837,"PRIMENAME":"104th Street","ELEVTYP_F":0,"ELEVTYP_T":0},"geometry":{"type":"LineString","coordinates":[[-74.7656159469983,39.0497053859686],[-74.7669570765496,39.050382489016],[-74.7674472569191,39.050634832574]]}},{"type":"Feature","id":285497,"properties":{"OBJECTID":285497,"PRIMENAME":"Seng Place","ELEVTYP_F":0,"ELEVTYP_T":0},"geometry":{"type":"LineString","coordinates":[[-74.7582449354836,39.0523550372851],[-74.7576986169723,39.0529966521246]]}},{"type":"Feature","id":286799,"properties":{"OBJECTID":286799,"PRIMENAME":"84th Street","ELEVTYP_F":0,"ELEVTYP_T":0},"geometry":{"type":"LineString","coordinates":[[-74.7554857138686,39.0629048902067],[-74.7542003553369,39.0622488422997]]}},{"type":"Feature","id":288626,"properties":{"OBJECTID":288626,"PRIMENAME":"107th Street","ELEVTYP_F":0,"ELEVTYP_T":0},"geometry":{"type":"LineString","coordinates":[[-74.7668614122538,39.0469234759791],[-74.7656361002495,39.0464461950351],[-74.7647104231808,39.0460915631643]]}},{"type":"Feature","id":290980,"properties":{"OBJECTID":290980,"PRIMENAME":"88th Street","ELEVTYP_F":0,"ELEVTYP_T":0},"geometry":{"type":"LineString","coordinates":[[-74.7563676010233,39.0596736368278],[-74.7545855482587,39.0587652452167],[-74.7543636866555,39.0586513108731]]}},{"type":"Feature","id":291023,"properties":{"OBJECTID":291023,"PRIMENAME":"3rd Avenue","ELEVTYP_F":0,"ELEVTYP_T":0},"geometry":{"type":"LineString","coordinates":[[-74.7710029212445,39.0403727874009],[-74.7709974560667,39.0403812141047],[-74.7709101634991,39.0405158130629],[-74.7706354349227,39.0409610814765],[-74.7703743712042,39.0413712805057],[-74.7699691230575,39.0420135320677],[-74.7699021987236,39.0421179178989]]}},{"type":"Feature","id":292107,"properties":{"OBJECTID":292107,"PRIMENAME":"3rd Avenue","ELEVTYP_F":0,"ELEVTYP_T":0},"geometry":{"type":"LineString","coordinates":[[-74.7650270648964,39.0494032578772],[-74.7647595036269,39.0497214460724],[-74.7644899742887,39.0500416704329]]}},{"type":"Feature","id":293147,"properties":{"OBJECTID":293147,"PRIMENAME":"3rd Avenue","ELEVTYP_F":0,"ELEVTYP_T":0},"geometry":{"type":"LineString","coordinates":[[-74.7628696942615,39.0519653443198],[-74.7627433129918,39.0521188448001],[-74.7624852259895,39.0524239366992],[-74.7623267504602,39.05261229908]]}},{"type":"Feature","id":293711,"properties":{"OBJECTID":293711,"PRIMENAME":"117th Street","ELEVTYP_F":0,"ELEVTYP_T":0},"geometry":{"type":"LineString","coordinates":[[-74.7678869678014,39.0387552846521],[-74.7686649435184,39.0390519556883]]}},{"type":"Feature","id":294956,"properties":{"OBJECTID":294956,"PRIMENAME":"119th Street","ELEVTYP_F":0,"ELEVTYP_T":0},"geometry":{"type":"LineString","coordinates":[[-74.769933523124,39.0378303323859],[-74.7707596859332,39.0381468779133],[-74.7717128944942,39.038511200447],[-74.772101272228,39.03866609298]]}},{"type":"Feature","id":295911,"properties":{"OBJECTID":295911,"PRIMENAME":"99th Street","ELEVTYP_F":0,"ELEVTYP_T":0},"geometry":{"type":"LineString","coordinates":[[-74.7601304798321,39.0514785026534],[-74.7602313109355,39.0515296517139],[-74.7603192302342,39.051574211821]]}},{"type":"Feature","id":296378,"properties":{"OBJECTID":296378,"PRIMENAME":"2nd Avenue","ELEVTYP_F":0,"ELEVTYP_T":0},"geometry":{"type":"LineString","coordinates":[[-74.7541633842445,39.0585483681946],[-74.7536305552375,39.0591943815135]]}},{"type":"Feature","id":297333,"properties":{"OBJECTID":297333,"PRIMENAME":"Chelsea Place","ELEVTYP_F":0,"ELEVTYP_T":0},"geometry":{"type":"LineString","coordinates":[[-74.7639440362022,39.0472744127154],[-74.7643579414076,39.0474586255875]]}},{"type":"Feature","id":297439,"properties":{"OBJECTID":297439,"PRIMENAME":"111th Street","ELEVTYP_F":0,"ELEVTYP_T":0},"geometry":{"type":"LineString","coordinates":[[-74.7643079432314,39.0425083338414],[-74.7654584873974,39.0429641904884],[-74.7660605935242,39.0431995574658],[-74.7662341475516,39.0432674004493]]}},{"type":"Feature","id":299109,"properties":{"OBJECTID":299109,"PRIMENAME":"75th Street","ELEVTYP_F":0,"ELEVTYP_T":0},"geometry":{"type":"LineString","coordinates":[[-74.747146299674,39.0668991757788],[-74.7472339147187,39.0669444876677],[-74.7473210355821,39.0669895537046]]}},{"type":"Feature","id":299417,"properties":{"OBJECTID":299417,"PRIMENAME":"3rd Avenue","ELEVTYP_F":0,"ELEVTYP_T":0},"geometry":{"type":"LineString","coordinates":[[-74.7664117339337,39.0476220234117],[-74.7661904571038,39.0479504889045],[-74.7660122660738,39.0481906871189]]}},{"type":"Feature","id":300173,"properties":{"OBJECTID":300173,"PRIMENAME":"108th Street","ELEVTYP_F":0,"ELEVTYP_T":0},"geometry":{"type":"LineString","coordinates":[[-74.7621297596494,39.0442486059455],[-74.7629401024167,39.0445610404205]]}},{"type":"Feature","id":301747,"properties":{"OBJECTID":301747,"PRIMENAME":"84th Street","ELEVTYP_F":0,"ELEVTYP_T":0},"geometry":{"type":"LineString","coordinates":[[-74.7557871559498,39.0630587357965],[-74.7554857138686,39.0629048902067]]}},{"type":"Feature","id":303599,"properties":{"OBJECTID":303599,"PRIMENAME":"1st Avenue","ELEVTYP_F":0,"ELEVTYP_T":0},"geometry":{"type":"LineString","coordinates":[[-74.7604311766403,39.0479590425133],[-74.7607975206951,39.0475252643345],[-74.7609726402378,39.0473166018741]]}},{"type":"Feature","id":304547,"properties":{"OBJECTID":304547,"PRIMENAME":"110th Street","ELEVTYP_F":0,"ELEVTYP_T":0},"geometry":{"type":"LineString","coordinates":[[-74.7692453505672,39.0452793494062],[-74.7681649585035,39.0448612348037]]}},{"type":"Feature","id":305348,"properties":{"OBJECTID":305348,"PRIMENAME":"Sunrise Drive","ELEVTYP_F":0,"ELEVTYP_T":0},"geometry":{"type":"LineString","coordinates":[[-74.7644900937062,39.0509611339554],[-74.7647262160335,39.050341389688],[-74.7647760038224,39.0501890212393]]}},{"type":"Feature","id":305620,"properties":{"OBJECTID":305620,"PRIMENAME":"94th Street","ELEVTYP_F":0,"ELEVTYP_T":0},"geometry":{"type":"LineString","coordinates":[[-74.7596197811341,39.0558210712898],[-74.7600140995614,39.0560217086931],[-74.7617743565381,39.0569309999912],[-74.7624392720963,39.0572672126735]]}},{"type":"Feature","id":306691,"properties":{"OBJECTID":306691,"PRIMENAME":"99th Street","ELEVTYP_F":0,"ELEVTYP_T":0},"geometry":{"type":"LineString","coordinates":[[-74.7623267504602,39.05261229908],[-74.7630943346473,39.0530011350397],[-74.7638511983968,39.0533930368576]]}},{"type":"Feature","id":306806,"properties":{"OBJECTID":306806,"PRIMENAME":"115th Street","ELEVTYP_F":0,"ELEVTYP_T":0},"geometry":{"type":"LineString","coordinates":[[-74.7681704459432,39.0405941947423],[-74.7679900468033,39.0405230533743]]}},{"type":"Feature","id":307684,"properties":{"OBJECTID":307684,"PRIMENAME":"92nd Street","ELEVTYP_F":0,"ELEVTYP_T":0},"geometry":{"type":"LineString","coordinates":[[-74.7544737961372,39.0550256387322],[-74.7539406285081,39.0547528237543],[-74.753719619431,39.0546469867255]]}},{"type":"Feature","id":307895,"properties":{"OBJECTID":307895,"PRIMENAME":"3rd Avenue","ELEVTYP_F":0,"ELEVTYP_T":0},"geometry":{"type":"LineString","coordinates":[[-74.7675040807531,39.0458986931774],[-74.7672880429097,39.0462406310373]]}},{"type":"Feature","id":309885,"properties":{"OBJECTID":309885,"PRIMENAME":"2nd Avenue","ELEVTYP_F":0,"ELEVTYP_T":0},"geometry":{"type":"LineString","coordinates":[[-74.7701604606038,39.0370597971112],[-74.7697267272459,39.0377510722582]]}},{"type":"Feature","id":314314,"properties":{"OBJECTID":314314,"PRIMENAME":"118th Street","ELEVTYP_F":0,"ELEVTYP_T":0},"geometry":{"type":"LineString","coordinates":[[-74.7694936668424,39.0385150039547],[-74.7694002285138,39.0384789746997],[-74.7692953310797,39.0384385792448]]}},{"type":"Feature","id":315558,"properties":{"OBJECTID":315558,"PRIMENAME":"95th Street","ELEVTYP_F":0,"ELEVTYP_T":0},"geometry":{"type":"LineString","coordinates":[[-74.7632278631533,39.0567553463008],[-74.7630489663065,39.0566622826492],[-74.7624421136604,39.0563509018464],[-74.7608265599012,39.0555257575664],[-74.7601601834853,39.055178473617]]}},{"type":"Feature","id":315639,"properties":{"OBJECTID":315639,"PRIMENAME":"95th Street","ELEVTYP_F":0,"ELEVTYP_T":0},"geometry":{"type":"LineString","coordinates":[[-74.7579697705076,39.0540599178065],[-74.7578146361073,39.0539808432435],[-74.7574549112477,39.0537974841385],[-74.7560983448505,39.0530997945116]]}},{"type":"Feature","id":318289,"properties":{"OBJECTID":318289,"PRIMENAME":"3rd Avenue","ELEVTYP_F":0,"ELEVTYP_T":0},"geometry":{"type":"LineString","coordinates":[[-74.7617867937291,39.0532507882186],[-74.7614701688997,39.0536226499713],[-74.7612809352606,39.0538466924607],[-74.7612368274748,39.0538992913078]]}},{"type":"Feature","id":319088,"properties":{"OBJECTID":319088,"PRIMENAME":"2nd Avenue","ELEVTYP_F":0,"ELEVTYP_T":0},"geometry":{"type":"LineString","coordinates":[[-74.7595904236152,39.0521310677601],[-74.7590382147945,39.052766577978]]}},{"type":"Feature","id":319434,"properties":{"OBJECTID":319434,"PRIMENAME":"94th Street","ELEVTYP_F":0,"ELEVTYP_T":0},"geometry":{"type":"LineString","coordinates":[[-74.7624392720963,39.0572672126735],[-74.7628272514835,39.0574634333664]]}},{"type":"Feature","id":319771,"properties":{"OBJECTID":319771,"PRIMENAME":"Ocean Drive","ELEVTYP_F":0,"ELEVTYP_T":0},"geometry":{"type":"LineString","coordinates":[[-74.7520338312323,39.0648235113107],[-74.7519304753234,39.064947707414],[-74.7515014369656,39.0654518025607]]}},{"type":"Feature","id":320309,"properties":{"OBJECTID":320309,"PRIMENAME":"Acton Drive","ELEVTYP_F":0,"ELEVTYP_T":0},"geometry":{"type":"LineString","coordinates":[[-74.7698318505298,39.0605435026752],[-74.7696831550787,39.0606543381715],[-74.7694717003833,39.060775257629]]}},{"type":"Feature","id":321969,"properties":{"OBJECTID":321969,"PRIMENAME":"1st Avenue","ELEVTYP_F":0,"ELEVTYP_T":0},"geometry":{"type":"LineString","coordinates":[[-74.7495999677874,39.0608118197272],[-74.7501409599585,39.0601698991194]]}},{"type":"Feature","id":322569,"properties":{"OBJECTID":322569,"PRIMENAME":"Weber Court","ELEVTYP_F":0,"ELEVTYP_T":0},"geometry":{"type":"LineString","coordinates":[[-74.7679464983667,39.0452037002007],[-74.7663342897462,39.0445903807833],[-74.7657940759643,39.0443825738058]]}},{"type":"Feature","id":322606,"properties":{"OBJECTID":322606,"PRIMENAME":"106th Street","ELEVTYP_F":0,"ELEVTYP_T":0},"geometry":{"type":"LineString","coordinates":[[-74.7612483335821,39.0456285716575],[-74.7620655379044,39.0459457469676]]}},{"type":"Feature","id":323298,"properties":{"OBJECTID":323298,"PRIMENAME":"6th Street","ELEVTYP_F":0,"ELEVTYP_T":0},"geometry":{"type":"LineString","coordinates":[[-74.7714722563203,39.0350079854036],[-74.771052076252,39.0356922597054]]}},{"type":"Feature","id":323320,"properties":{"OBJECTID":323320,"PRIMENAME":"1st Avenue","ELEVTYP_F":0,"ELEVTYP_T":0},"geometry":{"type":"LineString","coordinates":[[-74.7480121569648,39.0627083883633],[-74.7480121112322,39.0626953179689],[-74.7480245243604,39.0626594862238],[-74.7480741860423,39.0625964036883],[-74.7481118685225,39.0625485341165],[-74.7483877374632,39.0622268095054],[-74.7485988036893,39.0619806527041],[-74.7489540098608,39.0615665992922],[-74.7495143549215,39.0609134057931],[-74.7495999677874,39.0608118197272]]}},{"type":"Feature","id":323829,"properties":{"OBJECTID":323829,"PRIMENAME":"Acton Drive","ELEVTYP_F":0,"ELEVTYP_T":0},"geometry":{"type":"LineString","coordinates":[[-74.7704259780617,39.05992896017],[-74.7702633758629,39.0601145139743]]}},{"type":"Feature","id":325719,"properties":{"OBJECTID":325719,"PRIMENAME":"77th Street","ELEVTYP_F":0,"ELEVTYP_T":0},"geometry":{"type":"LineString","coordinates":[[-74.7504197969721,39.0667419966993],[-74.7509914106382,39.0670380287428],[-74.7519508658002,39.0675230385786]]}},{"type":"Feature","id":326097,"properties":{"OBJECTID":326097,"PRIMENAME":"93rd Street","ELEVTYP_F":0,"ELEVTYP_T":0},"geometry":{"type":"LineString","coordinates":[[-74.7615566554408,39.0577553137504],[-74.7615125367027,39.0577197172227],[-74.7613638190217,39.0576355900715],[-74.7603631463373,39.0571280679777],[-74.7590765602555,39.0564665292712]]}},{"type":"Feature","id":326247,"properties":{"OBJECTID":326247,"PRIMENAME":"90th Street","ELEVTYP_F":0,"ELEVTYP_T":0},"geometry":{"type":"LineString","coordinates":[[-74.7574555561704,39.0583876008765],[-74.7558962531021,39.0576008164647],[-74.7554531736652,39.0573741868528]]}},{"type":"Feature","id":326414,"properties":{"OBJECTID":326414,"PRIMENAME":"96th Street","ELEVTYP_F":0,"ELEVTYP_T":0},"geometry":{"type":"LineString","coordinates":[[-74.7584972529872,39.0534274872387],[-74.7584529447688,39.0533967500569],[-74.7583807818117,39.0533501312323],[-74.7583205750592,39.0533112368414],[-74.7580181211194,39.053159924837],[-74.7576986169723,39.0529966521246]]}},{"type":"Feature","id":327673,"properties":{"OBJECTID":327673,"PRIMENAME":"108th Street","ELEVTYP_F":0,"ELEVTYP_T":0},"geometry":{"type":"LineString","coordinates":[[-74.7651360175287,39.0454100462829],[-74.7659703387211,39.0457336631039],[-74.7672880429097,39.0462406310373]]}},{"type":"Feature","id":328103,"properties":{"OBJECTID":328103,"PRIMENAME":"2nd Avenue","ELEVTYP_F":0,"ELEVTYP_T":0},"geometry":{"type":"LineString","coordinates":[[-74.7530915459365,39.0598380166839],[-74.7525408580871,39.060478846811]]}},{"type":"Feature","id":328159,"properties":{"OBJECTID":328159,"PRIMENAME":"Golden Gate Drive","ELEVTYP_F":0,"ELEVTYP_T":0},"geometry":{"type":"LineString","coordinates":[[-74.7691665291475,39.0514785059664],[-74.7692521395849,39.0514916563352],[-74.7693568326231,39.0515008330402],[-74.7694493870993,39.0514943312797],[-74.7694558784857,39.0514933055228],[-74.7695500046775,39.0514784202936],[-74.769646538042,39.0514530731934],[-74.7697269538851,39.051421502343],[-74.7698072621733,39.0513710956981],[-74.7698755033569,39.0513144289492],[-74.769951678257,39.0512326198374],[-74.7700959623122,39.0510596287218],[-74.7708574404964,39.0501474608282],[-74.7716429361064,39.0492132384155],[-74.7718545397197,39.0489756446422],[-74.7718834331209,39.0489529243715]]}},{"type":"Feature","id":328203,"properties":{"OBJECTID":328203,"PRIMENAME":"100th Street","ELEVTYP_F":0,"ELEVTYP_T":0},"geometry":{"type":"LineString","coordinates":[[-74.7639170437842,39.0525015419577],[-74.7628696942615,39.0519653443198]]}},{"type":"Feature","id":328788,"properties":{"OBJECTID":328788,"PRIMENAME":"106th Street","ELEVTYP_F":0,"ELEVTYP_T":0},"geometry":{"type":"LineString","coordinates":[[-74.7642658701414,39.0467995092626],[-74.7643556143156,39.0468343149674],[-74.7658785573267,39.0474193357675],[-74.7664117339337,39.0476220234117]]}},{"type":"Feature","id":330261,"properties":{"OBJECTID":330261,"PRIMENAME":"102nd Street","ELEVTYP_F":0,"ELEVTYP_T":0},"geometry":{"type":"LineString","coordinates":[[-74.7617564257697,39.0495555952741],[-74.761849460671,39.0496033561165],[-74.7619451764292,39.0496524837677]]}},{"type":"Feature","id":330693,"properties":{"OBJECTID":330693,"PRIMENAME":"89th Street","ELEVTYP_F":0,"ELEVTYP_T":0},"geometry":{"type":"LineString","coordinates":[[-74.7522068676877,39.0566256052531],[-74.7528484990844,39.0569542351432]]}},{"type":"Feature","id":331211,"properties":{"OBJECTID":331211,"PRIMENAME":"Dune Drive","ELEVTYP_F":0,"ELEVTYP_T":0},"geometry":{"type":"LineString","coordinates":[[-74.7498530388308,39.063703182589],[-74.7493182508254,39.0643370526256]]}},{"type":"Feature","id":331290,"properties":{"OBJECTID":331290,"PRIMENAME":"105th Street","ELEVTYP_F":0,"ELEVTYP_T":0},"geometry":{"type":"LineString","coordinates":[[-74.7635646607081,39.047730334528],[-74.7634682955377,39.0476804565391],[-74.7634637222672,39.0476780895102],[-74.7633688180781,39.0476289891807]]}},{"type":"Feature","id":331359,"properties":{"OBJECTID":331359,"PRIMENAME":"1st Avenue","ELEVTYP_F":0,"ELEVTYP_T":0},"geometry":{"type":"LineString","coordinates":[[-74.7625100214306,39.0452429171456],[-74.7629401024167,39.0445610404205]]}},{"type":"Feature","id":331847,"properties":{"OBJECTID":331847,"PRIMENAME":"88th Street","ELEVTYP_F":0,"ELEVTYP_T":0},"geometry":{"type":"LineString","coordinates":[[-74.7523103064113,39.0575969868351],[-74.7516690614565,39.0572691225203]]}},{"type":"Feature","id":332186,"properties":{"OBJECTID":332186,"PRIMENAME":"96th Street","ELEVTYP_F":0,"ELEVTYP_T":0},"geometry":{"type":"LineString","coordinates":[[-74.7606548191757,39.0545901774259],[-74.7596660370174,39.0540756480331],[-74.7590485823227,39.0537632027789],[-74.7587555796576,39.0536069296177],[-74.7586648461626,39.0535438674187]]}},{"type":"Feature","id":333251,"properties":{"OBJECTID":333251,"PRIMENAME":"99th Street","ELEVTYP_F":0,"ELEVTYP_T":0},"geometry":{"type":"LineString","coordinates":[[-74.7638511983968,39.0533930368576],[-74.7641158783213,39.0535300803482]]}},{"type":"Feature","id":333460,"properties":{"OBJECTID":333460,"PRIMENAME":"3rd Avenue","ELEVTYP_F":0,"ELEVTYP_T":0},"geometry":{"type":"LineString","coordinates":[[-74.7606548191757,39.0545901774259],[-74.760210780254,39.0551182818156],[-74.7601601834853,39.055178473617]]}},{"type":"Feature","id":334608,"properties":{"OBJECTID":334608,"PRIMENAME":"80th Street","ELEVTYP_F":0,"ELEVTYP_T":0},"geometry":{"type":"LineString","coordinates":[[-74.7500271514706,39.0637933902912],[-74.7503817810122,39.0639771054017],[-74.7520338312323,39.0648235113107]]}},{"type":"Feature","id":334665,"properties":{"OBJECTID":334665,"PRIMENAME":"98th Street","ELEVTYP_F":0,"ELEVTYP_T":0},"geometry":{"type":"LineString","coordinates":[[-74.756920161928,39.0507657754767],[-74.7577211511088,39.051174260691]]}},{"type":"Feature","id":335409,"properties":{"OBJECTID":335409,"PRIMENAME":"Paradise Drive","ELEVTYP_F":0,"ELEVTYP_T":0},"geometry":{"type":"LineString","coordinates":[[-74.772519798365,39.0397859869167],[-74.7723553254632,39.0397916428916],[-74.7722183993544,39.03981027696],[-74.7720775647247,39.0398380916125],[-74.7719211446821,39.0398872765311],[-74.7717843470341,39.0399395189725],[-74.7716787906361,39.0399855653639],[-74.7715889257048,39.0400376703244],[-74.771502992616,39.0400867184633],[-74.7714210139919,39.0401479765639],[-74.7713312537941,39.0402275671353],[-74.7712376903365,39.0403255079333],[-74.7711636213596,39.0404111570837],[-74.7710974734218,39.0405059594029],[-74.7710078877617,39.0406405205197],[-74.7708211305847,39.0409432143768],[-74.770447462811,39.0415180939857],[-74.7704220959875,39.0415688890669]]}},{"type":"Feature","id":337994,"properties":{"OBJECTID":337994,"PRIMENAME":"1st Avenue","ELEVTYP_F":0,"ELEVTYP_T":0},"geometry":{"type":"LineString","coordinates":[[-74.7506825725156,39.0595267926878],[-74.7512239603281,39.0588830256404]]}},{"type":"Feature","id":338337,"properties":{"OBJECTID":338337,"PRIMENAME":"98th Street","ELEVTYP_F":0,"ELEVTYP_T":0},"geometry":{"type":"LineString","coordinates":[[-74.7577211511088,39.051174260691],[-74.7584231184759,39.0515322443424],[-74.7594436817763,39.0520557917782],[-74.7595904236152,39.0521310677601]]}},{"type":"Feature","id":339627,"properties":{"OBJECTID":339627,"PRIMENAME":"80th Street","ELEVTYP_F":0,"ELEVTYP_T":0},"geometry":{"type":"LineString","coordinates":[[-74.7498530388308,39.063703182589],[-74.7499274130735,39.0637417203026],[-74.7500271514706,39.0637933902912]]}},{"type":"Feature","id":339904,"properties":{"OBJECTID":339904,"PRIMENAME":"103rd Street","ELEVTYP_F":0,"ELEVTYP_T":0},"geometry":{"type":"LineString","coordinates":[[-74.7647760038224,39.0501890212393],[-74.7644899742887,39.0500416704329]]}},{"type":"Feature","id":340092,"properties":{"OBJECTID":340092,"PRIMENAME":"103rd Street","ELEVTYP_F":0,"ELEVTYP_T":0},"geometry":{"type":"LineString","coordinates":[[-74.7644899742887,39.0500416704329],[-74.7634464196435,39.0495039034164],[-74.7624854488468,39.0490118235639]]}},{"type":"Feature","id":340795,"properties":{"OBJECTID":340795,"PRIMENAME":"117th Street","ELEVTYP_F":0,"ELEVTYP_T":0},"geometry":{"type":"LineString","coordinates":[[-74.7690519001383,39.0391995124436],[-74.7697423897232,39.0394627796517],[-74.7711777447836,39.0400284292984]]}},{"type":"Feature","id":341917,"properties":{"OBJECTID":341917,"PRIMENAME":"87th Street","ELEVTYP_F":0,"ELEVTYP_T":0},"geometry":{"type":"LineString","coordinates":[[-74.7531517577858,39.0589470084524],[-74.7525720179331,39.0586474889873],[-74.7517661177056,39.0582400786405]]}},{"type":"Feature","id":342149,"properties":{"OBJECTID":342149,"PRIMENAME":"122nd Street","ELEVTYP_F":0,"ELEVTYP_T":0},"geometry":{"type":"LineString","coordinates":[[-74.771052076252,39.0356922597054],[-74.770796371177,39.0355923548103],[-74.7700751836518,39.0353105773039]]}},{"type":"Feature","id":342922,"properties":{"OBJECTID":342922,"PRIMENAME":"Pennsylvania Avenue","ELEVTYP_F":0,"ELEVTYP_T":0},"geometry":{"type":"LineString","coordinates":[[-74.7526090521732,39.0595919953229],[-74.7520684463436,39.06023593188]]}},{"type":"Feature","id":343035,"properties":{"OBJECTID":343035,"PRIMENAME":"Pennsylvania Avenue","ELEVTYP_F":0,"ELEVTYP_T":0},"geometry":{"type":"LineString","coordinates":[[-74.7536940147573,39.0583072647482],[-74.7533631590292,39.0586965433143],[-74.7531517577858,39.0589470084524]]}},{"type":"Feature","id":343670,"properties":{"OBJECTID":343670,"PRIMENAME":"101st Street","ELEVTYP_F":0,"ELEVTYP_T":0},"geometry":{"type":"LineString","coordinates":[[-74.759352038254,39.0492385259339],[-74.7585701493109,39.0488306688539]]}},{"type":"Feature","id":344016,"properties":{"OBJECTID":344016,"PRIMENAME":"2nd Avenue","ELEVTYP_F":0,"ELEVTYP_T":0},"geometry":{"type":"LineString","coordinates":[[-74.7574105193529,39.0546939258851],[-74.7568739016411,39.0553374916985]]}},{"type":"Feature","id":344756,"properties":{"OBJECTID":344756,"PRIMENAME":"98th Street","ELEVTYP_F":0,"ELEVTYP_T":0},"geometry":{"type":"LineString","coordinates":[[-74.7640448911545,39.0545175387218],[-74.7640204104878,39.0545472133578],[-74.763997994073,39.0545798840644],[-74.7639948935169,39.0546175639418],[-74.7640175354229,39.0546451356079]]}},{"type":"Feature","id":344857,"properties":{"OBJECTID":344857,"PRIMENAME":"99th Street","ELEVTYP_F":0,"ELEVTYP_T":0},"geometry":{"type":"LineString","coordinates":[[-74.7657251805479,39.0543569556708],[-74.7658471919179,39.0544194473994],[-74.7659914668011,39.0544930903586]]}},{"type":"Feature","id":345070,"properties":{"OBJECTID":345070,"PRIMENAME":"2nd Avenue","ELEVTYP_F":0,"ELEVTYP_T":0},"geometry":{"type":"LineString","coordinates":[[-74.7557933153259,39.0566256200992],[-74.7552497345959,39.0572701268171]]}},{"type":"Feature","id":346052,"properties":{"OBJECTID":346052,"PRIMENAME":"97th Street","ELEVTYP_F":0,"ELEVTYP_T":0},"geometry":{"type":"LineString","coordinates":[[-74.7582449354836,39.0523550372851],[-74.7589007386569,39.0526955534998],[-74.7589787655141,39.0527360665021],[-74.7590382147945,39.052766577978]]}},{"type":"Feature","id":347612,"properties":{"OBJECTID":347612,"PRIMENAME":"86th Street","ELEVTYP_F":0,"ELEVTYP_T":0},"geometry":{"type":"LineString","coordinates":[[-74.7530915459365,39.0598380166839],[-74.753182999255,39.0598846617107],[-74.753281121478,39.0599346974119]]}},{"type":"Feature","id":350017,"properties":{"OBJECTID":350017,"PRIMENAME":"2nd Avenue","ELEVTYP_F":0,"ELEVTYP_T":0},"geometry":{"type":"LineString","coordinates":[[-74.7581496345741,39.0541515863356],[-74.7586648461626,39.0535438674187]]}},{"type":"Feature","id":350207,"properties":{"OBJECTID":350207,"PRIMENAME":"2nd Avenue","ELEVTYP_F":0,"ELEVTYP_T":0},"geometry":{"type":"LineString","coordinates":[[-74.7651360175287,39.0454100462829],[-74.7653579552677,39.0450709816693]]}},{"type":"Feature","id":350472,"properties":{"OBJECTID":350472,"PRIMENAME":"2nd Avenue","ELEVTYP_F":0,"ELEVTYP_T":0},"geometry":{"type":"LineString","coordinates":[[-74.7690519001383,39.0391995124436],[-74.7694936668424,39.0385150039547]]}},{"type":"Feature","id":350853,"properties":{"OBJECTID":350853,"PRIMENAME":"2nd Avenue","ELEVTYP_F":0,"ELEVTYP_T":0},"geometry":{"type":"LineString","coordinates":[[-74.7613985364429,39.0502974933019],[-74.7619451764292,39.0496524837677]]}},{"type":"Feature","id":351131,"properties":{"OBJECTID":351131,"PRIMENAME":"2nd Avenue","ELEVTYP_F":0,"ELEVTYP_T":0},"geometry":{"type":"LineString","coordinates":[[-74.757603370127,39.054792705859],[-74.7581496345741,39.0541515863356]]}},{"type":"Feature","id":351595,"properties":{"OBJECTID":351595,"PRIMENAME":"2nd Avenue","ELEVTYP_F":0,"ELEVTYP_T":0},"geometry":{"type":"LineString","coordinates":[[-74.7619451764292,39.0496524837677],[-74.7624854488468,39.0490118235639]]}},{"type":"Feature","id":351662,"properties":{"OBJECTID":351662,"PRIMENAME":"Dune Drive","ELEVTYP_F":0,"ELEVTYP_T":0},"geometry":{"type":"LineString","coordinates":[[-74.7494836291098,39.064421544065],[-74.7500271514706,39.0637933902912]]}},{"type":"Feature","id":351917,"properties":{"OBJECTID":351917,"PRIMENAME":"2nd Avenue","ELEVTYP_F":0,"ELEVTYP_T":0},"geometry":{"type":"LineString","coordinates":[[-74.7538211934112,39.0592928436572],[-74.7543636866555,39.0586513108731]]}},{"type":"Feature","id":352406,"properties":{"OBJECTID":352406,"PRIMENAME":"2nd Avenue","ELEVTYP_F":0,"ELEVTYP_T":0},"geometry":{"type":"LineString","coordinates":[[-74.7521900656919,39.0612183388585],[-74.7527322376272,39.0605772820799]]}},{"type":"Feature","id":352508,"properties":{"OBJECTID":352508,"PRIMENAME":"2nd Avenue","ELEVTYP_F":0,"ELEVTYP_T":0},"geometry":{"type":"LineString","coordinates":[[-74.7647104231808,39.0460915631643],[-74.7651360175287,39.0454100462829]]}},{"type":"Feature","id":352804,"properties":{"OBJECTID":352804,"PRIMENAME":"2nd Avenue","ELEVTYP_F":0,"ELEVTYP_T":0},"geometry":{"type":"LineString","coordinates":[[-74.7664534087192,39.0433531180667],[-74.76731493132,39.0419673918666]]}},{"type":"Feature","id":353039,"properties":{"OBJECTID":353039,"PRIMENAME":"2nd Avenue","ELEVTYP_F":0,"ELEVTYP_T":0},"geometry":{"type":"LineString","coordinates":[[-74.7549044295424,39.0580054687419],[-74.7554531736652,39.0573741868528]]}},{"type":"Feature","id":353207,"properties":{"OBJECTID":353207,"PRIMENAME":"2nd Avenue","ELEVTYP_F":0,"ELEVTYP_T":0},"geometry":{"type":"LineString","coordinates":[[-74.7635646607081,39.047730334528],[-74.7639440362022,39.0472744127154]]}},{"type":"Feature","id":353750,"properties":{"OBJECTID":353750,"PRIMENAME":"2nd Avenue","ELEVTYP_F":0,"ELEVTYP_T":0},"geometry":{"type":"LineString","coordinates":[[-74.76731493132,39.0419673918666],[-74.7677549678572,39.0412727622722]]}},{"type":"Feature","id":353999,"properties":{"OBJECTID":353999,"PRIMENAME":"2nd Avenue","ELEVTYP_F":0,"ELEVTYP_T":0},"geometry":{"type":"LineString","coordinates":[[-74.7516548038514,39.0618641562767],[-74.7521900656919,39.0612183388585]]}},{"type":"Feature","id":354292,"properties":{"OBJECTID":354292,"PRIMENAME":"Dune Drive","ELEVTYP_F":0,"ELEVTYP_T":0},"geometry":{"type":"LineString","coordinates":[[-74.7473210355821,39.0669895537046],[-74.7478675679337,39.066351558418]]}},{"type":"Feature","id":356060,"properties":{"OBJECTID":356060,"PRIMENAME":"2nd Avenue","ELEVTYP_F":0,"ELEVTYP_T":0},"geometry":{"type":"LineString","coordinates":[[-74.7660127263471,39.0440326699715],[-74.7662326024284,39.0436904237971]]}},{"type":"Feature","id":356948,"properties":{"OBJECTID":356948,"PRIMENAME":"2nd Avenue","ELEVTYP_F":0,"ELEVTYP_T":0},"geometry":{"type":"LineString","coordinates":[[-74.7677549678572,39.0412727622722],[-74.7681704459432,39.0405941947423]]}},{"type":"Feature","id":357105,"properties":{"OBJECTID":357105,"PRIMENAME":"2nd Avenue","ELEVTYP_F":0,"ELEVTYP_T":0},"geometry":{"type":"LineString","coordinates":[[-74.769933523124,39.0378303323859],[-74.7703688763656,39.037139574323]]}},{"type":"Feature","id":358719,"properties":{"OBJECTID":358719,"PRIMENAME":"2nd Avenue","ELEVTYP_F":0,"ELEVTYP_T":0},"geometry":{"type":"LineString","coordinates":[[-74.7505660391674,39.0631451134025],[-74.7505669159821,39.0631440683297],[-74.7510698175556,39.0625582757315],[-74.7511108699568,39.0625104564932],[-74.7511157441495,39.0625046526055]]}},{"type":"Feature","id":365975,"properties":{"OBJECTID":365975,"PRIMENAME":"2nd Avenue","ELEVTYP_F":0,"ELEVTYP_T":0},"geometry":{"type":"LineString","coordinates":[[-74.7586648461626,39.0535438674187],[-74.7592398492121,39.0528701409359]]}},{"type":"Feature","id":370318,"properties":{"OBJECTID":370318,"PRIMENAME":"2nd Avenue","ELEVTYP_F":0,"ELEVTYP_T":0},"geometry":{"type":"LineString","coordinates":[[-74.7639440362022,39.0472744127154],[-74.7642658701414,39.0467995092626]]}},{"type":"Feature","id":371055,"properties":{"OBJECTID":371055,"PRIMENAME":"2nd Avenue","ELEVTYP_F":0,"ELEVTYP_T":0},"geometry":{"type":"LineString","coordinates":[[-74.753281121478,39.0599346974119],[-74.7538211934112,39.0592928436572]]}},{"type":"Feature","id":371135,"properties":{"OBJECTID":371135,"PRIMENAME":"2nd Avenue","ELEVTYP_F":0,"ELEVTYP_T":0},"geometry":{"type":"LineString","coordinates":[[-74.7708159261644,39.0364531808914],[-74.7712490706217,39.0357692061873]]}},{"type":"Feature","id":371182,"properties":{"OBJECTID":371182,"PRIMENAME":"2nd Avenue","ELEVTYP_F":0,"ELEVTYP_T":0},"geometry":{"type":"LineString","coordinates":[[-74.7527322376272,39.0605772820799],[-74.753281121478,39.0599346974119]]}},{"type":"Feature","id":371700,"properties":{"OBJECTID":371700,"PRIMENAME":"2nd Avenue","ELEVTYP_F":0,"ELEVTYP_T":0},"geometry":{"type":"LineString","coordinates":[[-74.7712490706217,39.0357692061873],[-74.7716741320638,39.0350820091455]]}},{"type":"Feature","id":372523,"properties":{"OBJECTID":372523,"PRIMENAME":"2nd Avenue","ELEVTYP_F":0,"ELEVTYP_T":0},"geometry":{"type":"LineString","coordinates":[[-74.7657940759643,39.0443825738058],[-74.7660127263471,39.0440326699715]]}},{"type":"Feature","id":372648,"properties":{"OBJECTID":372648,"PRIMENAME":"2nd Avenue","ELEVTYP_F":0,"ELEVTYP_T":0},"geometry":{"type":"LineString","coordinates":[[-74.7642658701414,39.0467995092626],[-74.7647104231808,39.0460915631643]]}},{"type":"Feature","id":374047,"properties":{"OBJECTID":374047,"PRIMENAME":"2nd Avenue","ELEVTYP_F":0,"ELEVTYP_T":0},"geometry":{"type":"LineString","coordinates":[[-74.7655693066753,39.0447260383082],[-74.7657940759643,39.0443825738058]]}},{"type":"Feature","id":377043,"properties":{"OBJECTID":377043,"PRIMENAME":"2nd Avenue","ELEVTYP_F":0,"ELEVTYP_T":0},"geometry":{"type":"LineString","coordinates":[[-74.7653579552677,39.0450709816693],[-74.7655693066753,39.0447260383082]]}},{"type":"Feature","id":377996,"properties":{"OBJECTID":377996,"PRIMENAME":"2nd Avenue","ELEVTYP_F":0,"ELEVTYP_T":0},"geometry":{"type":"LineString","coordinates":[[-74.7686186815696,39.0399027544516],[-74.7690519001383,39.0391995124436]]}},{"type":"Feature","id":378104,"properties":{"OBJECTID":378104,"PRIMENAME":"2nd Avenue","ELEVTYP_F":0,"ELEVTYP_T":0},"geometry":{"type":"LineString","coordinates":[[-74.7543636866555,39.0586513108731],[-74.7549044295424,39.0580054687419]]}},{"type":"Feature","id":378486,"properties":{"OBJECTID":378486,"PRIMENAME":"2nd Avenue","ELEVTYP_F":0,"ELEVTYP_T":0},"geometry":{"type":"LineString","coordinates":[[-74.7662326024284,39.0436904237971],[-74.7664534087192,39.0433531180667]]}},{"type":"Feature","id":378863,"properties":{"OBJECTID":378863,"PRIMENAME":"2nd Avenue","ELEVTYP_F":0,"ELEVTYP_T":0},"geometry":{"type":"LineString","coordinates":[[-74.7694936668424,39.0385150039547],[-74.769933523124,39.0378303323859]]}},{"type":"Feature","id":380264,"properties":{"OBJECTID":380264,"PRIMENAME":"2nd Avenue","ELEVTYP_F":0,"ELEVTYP_T":0},"geometry":{"type":"LineString","coordinates":[[-74.7500271514706,39.0637933902912],[-74.7505660391674,39.0631451134025]]}},{"type":"Feature","id":381259,"properties":{"OBJECTID":381259,"PRIMENAME":"2nd Avenue","ELEVTYP_F":0,"ELEVTYP_T":0},"geometry":{"type":"LineString","coordinates":[[-74.7624854488468,39.0490118235639],[-74.7630189313799,39.0483662340141]]}},{"type":"Feature","id":382264,"properties":{"OBJECTID":382264,"PRIMENAME":"2nd Avenue","ELEVTYP_F":0,"ELEVTYP_T":0},"geometry":{"type":"LineString","coordinates":[[-74.7630189313799,39.0483662340141],[-74.7635646607081,39.047730334528]]}},{"type":"Feature","id":382501,"properties":{"OBJECTID":382501,"PRIMENAME":"2nd Avenue","ELEVTYP_F":0,"ELEVTYP_T":0},"geometry":{"type":"LineString","coordinates":[[-74.7554531736652,39.0573741868528],[-74.7559843346351,39.0567235283974]]}},{"type":"Feature","id":382672,"properties":{"OBJECTID":382672,"PRIMENAME":"2nd Avenue","ELEVTYP_F":0,"ELEVTYP_T":0},"geometry":{"type":"LineString","coordinates":[[-74.7511157441495,39.0625046526055],[-74.7516548038514,39.0618641562767]]}},{"type":"Feature","id":383186,"properties":{"OBJECTID":383186,"PRIMENAME":"2nd Avenue","ELEVTYP_F":0,"ELEVTYP_T":0},"geometry":{"type":"LineString","coordinates":[[-74.7559843346351,39.0567235283974],[-74.7565219392974,39.0560749126432]]}},{"type":"Feature","id":383431,"properties":{"OBJECTID":383431,"PRIMENAME":"2nd Avenue","ELEVTYP_F":0,"ELEVTYP_T":0},"geometry":{"type":"LineString","coordinates":[[-74.7565219392974,39.0560749126432],[-74.7570671471528,39.0554381112237]]}},{"type":"Feature","id":383563,"properties":{"OBJECTID":383563,"PRIMENAME":"2nd Avenue","ELEVTYP_F":0,"ELEVTYP_T":0},"geometry":{"type":"LineString","coordinates":[[-74.7608599753365,39.0509394624769],[-74.7613985364429,39.0502974933019]]}},{"type":"Feature","id":383830,"properties":{"OBJECTID":383830,"PRIMENAME":"2nd Avenue","ELEVTYP_F":0,"ELEVTYP_T":0},"geometry":{"type":"LineString","coordinates":[[-74.7592398492121,39.0528701409359],[-74.7597751208066,39.0522257985793]]}},{"type":"Feature","id":384864,"properties":{"OBJECTID":384864,"PRIMENAME":"2nd Avenue","ELEVTYP_F":0,"ELEVTYP_T":0},"geometry":{"type":"LineString","coordinates":[[-74.7570671471528,39.0554381112237],[-74.757603370127,39.054792705859]]}},{"type":"Feature","id":397406,"properties":{"OBJECTID":397406,"PRIMENAME":"2nd Avenue","ELEVTYP_F":0,"ELEVTYP_T":0},"geometry":{"type":"LineString","coordinates":[[-74.7603192302342,39.051574211821],[-74.7608599753365,39.0509394624769]]}},{"type":"Feature","id":397444,"properties":{"OBJECTID":397444,"PRIMENAME":"2nd Avenue","ELEVTYP_F":0,"ELEVTYP_T":0},"geometry":{"type":"LineString","coordinates":[[-74.7681704459432,39.0405941947423],[-74.7686186815696,39.0399027544516]]}},{"type":"Feature","id":397518,"properties":{"OBJECTID":397518,"PRIMENAME":"2nd Avenue","ELEVTYP_F":0,"ELEVTYP_T":0},"geometry":{"type":"LineString","coordinates":[[-74.7597751208066,39.0522257985793],[-74.7603192302342,39.051574211821]]}},{"type":"Feature","id":398030,"properties":{"OBJECTID":398030,"PRIMENAME":"2nd Avenue","ELEVTYP_F":0,"ELEVTYP_T":0},"geometry":{"type":"LineString","coordinates":[[-74.7703688763656,39.037139574323],[-74.7708159261644,39.0364531808914]]}},{"type":"Feature","id":400173,"properties":{"OBJECTID":400173,"PRIMENAME":"Dune Drive","ELEVTYP_F":0,"ELEVTYP_T":0},"geometry":{"type":"LineString","coordinates":[[-74.7489351619145,39.0650619132723],[-74.7494836291098,39.064421544065]]}},{"type":"Feature","id":400518,"properties":{"OBJECTID":400518,"PRIMENAME":"Dune Drive","ELEVTYP_F":0,"ELEVTYP_T":0},"geometry":{"type":"LineString","coordinates":[[-74.7484082689654,39.0657106622743],[-74.7489351619145,39.0650619132723]]}},{"type":"Feature","id":400978,"properties":{"OBJECTID":400978,"PRIMENAME":"Dune Drive","ELEVTYP_F":0,"ELEVTYP_T":0},"geometry":{"type":"LineString","coordinates":[[-74.7478675679337,39.066351558418],[-74.7484082689654,39.0657106622743]]}},{"type":"Feature","id":401965,"properties":{"OBJECTID":401965,"PRIMENAME":"92nd Street","ELEVTYP_F":0,"ELEVTYP_T":0},"geometry":{"type":"LineString","coordinates":[[-74.760709745958,39.0581987828478],[-74.7607040137072,39.0582000127164],[-74.7606638890186,39.0581969719343],[-74.7606116869749,39.0581752041364],[-74.7605641988679,39.0581480107462],[-74.7605192210673,39.0581222521955],[-74.7603142739208,39.0580226248812],[-74.7597958483513,39.0577579593948],[-74.7585357540901,39.0571102217418]]}},{"type":"Feature","id":402178,"properties":{"OBJECTID":402178,"PRIMENAME":"Sunset Drive","ELEVTYP_F":0,"ELEVTYP_T":0},"geometry":{"type":"LineString","coordinates":[[-74.7615566554408,39.0577553137504],[-74.7610523997564,39.0580303655195],[-74.760854630287,39.058141915838],[-74.7608242036302,39.0581590785056],[-74.7607841710768,39.0581810795147],[-74.7607481422403,39.0581905505807],[-74.760709745958,39.0581987828478]]}}]}
